Agency,Population,Murder Offenses,Murder Clearances,Murder Value_Stolen,NgMansl Offenses,NgMansl Clearances,Rape Value_Stolen,Rape Committed Offenses,Rape Committed Clearances,Rape Attempted Offenses,Rape Attempted Clearances,Robbery Highway Offenses,Robbery Highway Value_Stolen,Robbery Commercial_House Offenses,Robbery Commercial_House Value_Stolen,Robbery Gas/Service_Station Offenses,Robbery Gas/Service_Station Value_Stolen,Robbery Chain_Store Offenses,Robbery Chain_Store Value_Stolen,Robbery Residence Offenses,Robbery Residence Value_Stolen,Robbery Bank Offenses,Robbery Bank Value_Stolen,Robbery Miscellaneous Offenses,Robbery Miscellaneous Value_Stolen,Robbery Firearm Offenses,Robbery Firearm Clearances,Robbery Knife_Cutting_Instrument Offenses,Robbery Knife_Cutting_Instrument Clearances,Robbery Other_Dangerous_Weapon Offenses,Robbery Other_Dangerous_Weapon Clearances,Robbery Hands_Fists_Feet_etc. Offenses,Robbery Hands_Fists_Feet_etc. Clearances,AgAsslt Firearm Offenses,AgAsslt Firearm Clearances,AgAsslt Knife_Cutting_Instrument Offenses,AgAsslt Knife_Cutting_Instrument Clearances,AgAsslt Other_Dangerous_Weapon Offenses,AgAsslt Other_Dangerous_Weapon Clearances,AgAsslt Hands_Fists_Feet_etc. Offenses,AgAsslt Hands_Fists_Feet_etc. Clearances,Burglary Residence_Night Offenses,Burglary Residence_Night Value_Stolen,Burglary Residence_Day Offenses,Burglary Residence_Day Value_Stolen,Burglary Residence_Unknown Offenses,Burglary Residence_Unknown Value_Stolen,Burglary Non-residence_Night Offenses,Burglary Non-residence_Night Value_Stolen,Burglary Non-residence_Day Offenses,Burglary Non-residence_Day Value_Stolen,Burglary Non-residence_Unknown Offenses,Burglary Non-residence_Unknown Value_Stolen,Burglary Forcible_Entry Offenses,Burglary Forcible_Entry Clearances,Burglary Unlawful_Entry-No_Force Offenses,Burglary Unlawful_Entry-No_Force Clearances,Burglary Attempted_Forcible_Entry Offenses,Burglary Attempted_Forcible_Entry Clearances,Larceny Pocket-picking Offenses,Larceny Pocket-picking Value_Stolen,Larceny Purse-snatching Offenses,Larceny Purse-snatching Value_Stolen,Larceny Shoplifting Offenses,Larceny Shoplifting Value_Stolen,Larceny From_Motor_Vehicles Offenses,Larceny From_Motor_Vehicles Value_Stolen,Larceny MV_Parts_&_Accessories Offenses,Larceny MV_Parts_&_Accessories Value_Stolen,Larceny Bicycles Offenses,Larceny Bicycles Value_Stolen,Larceny From_Buildings Offenses,Larceny From_Buildings Value_Stolen,Larceny Coin-operated_Machines Offenses,Larceny Coin-operated_Machines Value_Stolen,Larceny All_Other Offenses,Larceny All_Other Value_Stolen,Larceny $200_and_Over Offenses,Larceny $200_and_Over Value_Stolen,Larceny $50_to_$200 Offenses,Larceny $50_to_$200 Value_Stolen,Larceny Under_$50 Offenses,Larceny Under_$50 Value_Stolen,Larceny Clearances,MVTheft Auto Offenses,MVTheft Auto Clearances,MVTheft Trucks_&_Buses Offenses,MVTheft Trucks_&_Buses Clearances,MVTheft Other_Vehicles Offenses,MVTheft Other_Vehicles Clearances,MVTheft Value_Stolen,Arson Structural Offenses,Arson Structural Clearances,Arson Structural Value_Damaged,Arson Mobile Offenses,Arson Mobile Clearances,Arson Mobile Value_Damaged,Arson Other Offenses,Arson Other Clearances,Arson Other Value_Damaged,SmAsslt Offenses,SmAsslt Clearances,Total_Value_Recovered,Murder Weapon Firearm,Murder Weapon Handgun,Murder Weapon Rifle,Murder Weapon Shotgun,Murder Weapon Other_gun,Murder Weapon Knife,Murder Weapon Blunt_Object,Murder Weapon Motor_Vehicle,Murder Weapon Personal_Weap,Murder Weapon Poison,Murder Weapon Explosives,Murder Weapon Fire,Murder Weapon Narcotics,Murder Weapon Asphyxiation,Murder Weapon Other,Murder Weapon Unknown,"Murder Relationship Spouse, Female","Murder Relationship Spouse, Male","Murder Relationship Live-In, Female","Murder Relationship Live-In, Male","Murder Relationship Ex-Live-In, Female","Murder Relationship Ex-Live-In, Male","Murder Relationship Co-Procreator, Female","Murder Relationship Co-Procreator, Male","Murder Relationship Parent, Female","Murder Relationship Parent, Male","Murder Relationship Child, Female","Murder Relationship Child, Male","Murder Relationship Sibling, Female","Murder Relationship Sibling, Male","Murder Relationship Grandparent, Female","Murder Relationship Grandparent, Male","Murder Relationship Grandchild, Female","Murder Relationship Grandchild, Male","Murder Relationship In-law, Female","Murder Relationship In-law, Male","Murder Relationship Stepparent, Female","Murder Relationship Stepparent, Male","Murder Relationship Stepchild, Female","Murder Relationship Stepchild, Male","Murder Relationship Other_Family, Female","Murder Relationship Other_Family, Male","Murder Relationship Neighbor, Female","Murder Relationship Neighbor, Male","Murder Relationship Acquaintance, Female","Murder Relationship Acquaintance, Male","Murder Relationship Boy/Girlfriend, Female","Murder Relationship Boy/Girlfriend, Male","Murder Relationship Babysittee, Female","Murder Relationship Babysittee, Male","Murder Relationship Child_of_Partner, Female","Murder Relationship Child_of_Partner, Male","Murder Relationship Ex-spouse, Female","Murder Relationship Ex-spouse, Male","Murder Relationship Employee, Female","Murder Relationship Employee, Male","Murder Relationship Employer, Female","Murder Relationship Employer, Male","Murder Relationship Friend, Female","Murder Relationship Friend, Male","Murder Relationship Same_Sex_Relat, Female","Murder Relationship Same_Sex_Relat, Male","Murder Relationship Oth_Known_Pers, Female","Murder Relationship Oth_Known_Pers, Male","Murder Relationship Stranger, Female","Murder Relationship Stranger, Male","Murder Relationship Unknown, Female","Murder Relationship Unknown, Male",Murder Circumstance Argument,Murder Circumstance LEOKA,Murder Circumstance Drug_Dealing,Murder Circumstance Gangland,Murder Circumstance Juvenile_Gang,Murder Circumstance Lovers_Quarrel,Murder Circumstance Mercy_Killing,Murder Circumstance Other_Felony,Murder Circumstance Other,Murder Circumstance Unknown,LEOKA Homicides,LEOKA Assault Offenses,LEOKA Assault Clearances
Connecticut,3590333,143,118,12564,0,3,2352,887,212,36,15,2177,890153,538,345901,86,47234,194,128000,330,524052,72,374540,294,141024,1264,275,359,118,291,106,1777,570,711,276,1174,813,2021,1347,1504,1023,3252,8482455,6110,14425645,1772,3880360,1540,2469209,1584,3144349,480,989928,8295,1202,5030,926,1413,159,261,98923,132,29910,11669,3134854,12664,6767806,5284,2519507,1544,462547,10029,13082410,206,87523,14232,40729376,25191,65232439,14163,1448475,16667,231942,12590,5401,556,208,10,832,101,29163130,155,37,5847463,113,5,682814,109,34,42988,31677,21526,22265500,22,60,27,1,0,17,7,1,3,0,0,0,0,0,4,1,3,0,0,0,0,0,0,0,4,1,0,0,0,2,0,0,0,0,0,0,0,0,0,0,0,0,0,0,0,19,5,3,0,0,0,0,0,0,0,0,0,0,1,4,0,1,1,3,19,15,4,58,27,0,6,1,3,3,0,36,27,40,0,902,809
Andover,3201,0,0,0,0,0,0,2,0,0,0,0,0,0,0,0,0,2,232,0,0,0,0,0,0,1,0,0,0,1,0,0,0,0,0,0,0,0,0,0,0,2,3291,2,1194,0,0,0,0,0,0,0,0,1,6,2,1,1,0,0,0,0,0,1,600,1,500,0,0,1,900,0,0,0,0,3,2879,5,4720,1,159,0,0,1,0,0,1,0,0,0,2500,0,0,0,0,0,0,0,0,0,6,5,104,0,0,0,0,0,0,0,0,0,0,0,0,0,0,0,0,0,0,0,0,0,0,0,0,0,0,0,0,0,0,0,0,0,0,0,0,0,0,0,0,0,0,0,0,0,0,0,0,0,0,0,0,0,0,0,0,0,0,0,0,0,0,0,0,0,0,0,0,0,0,0,0,0,0,0,0,0,0,0,0,0
Ansonia PD,19560,0,0,0,0,0,0,4,1,0,0,9,3908,1,35,2,364,0,0,2,740,0,0,1,893,4,1,2,0,3,2,6,3,2,0,4,2,4,3,0,0,26,118184,30,33754,0,0,15,9278,10,22946,0,0,53,8,21,4,7,2,0,0,0,0,96,11111,71,21638,20,2725,8,3255,67,86706,1,1230,54,118663,127,232149,112,11626,78,1553,86,53,5,1,0,4,3,274000,1,0,1,0,0,0,0,1,0,266,163,151510,0,0,0,0,0,0,0,0,0,0,0,0,0,0,0,0,0,0,0,0,0,0,0,0,0,0,0,0,0,0,0,0,0,0,0,0,0,0,0,0,0,0,0,0,0,0,0,0,0,0,0,0,0,0,0,0,0,0,0,0,0,0,0,0,0,0,0,0,0,0,0,0,0,0,0,0,0,0,0,5,5
Ashford CSP,4320,0,0,0,0,0,0,0,0,0,0,0,0,0,0,0,0,0,0,0,0,0,0,0,0,0,0,0,0,0,0,0,0,0,0,0,0,2,1,0,0,2,908,3,0,0,0,2,4300,2,4500,0,0,3,0,5,3,1,0,0,0,0,0,0,0,0,0,0,0,0,0,0,0,0,0,8,7417,6,7191,2,226,0,0,1,0,0,0,0,0,0,0,0,0,0,0,0,0,0,0,0,26,19,5008,0,0,0,0,0,0,0,0,0,0,0,0,0,0,0,0,0,0,0,0,0,0,0,0,0,0,0,0,0,0,0,0,0,0,0,0,0,0,0,0,0,0,0,0,0,0,0,0,0,0,0,0,0,0,0,0,0,0,0,0,0,0,0,0,0,0,0,0,0,0,0,0,0,0,0,0,0,0,0,0,0
Avon PD,16689,0,0,0,0,0,0,2,0,0,0,0,0,2,119,0,0,0,0,0,0,0,0,0,0,0,0,1,1,0,0,1,1,1,1,0,0,0,0,0,0,4,5065,9,24262,0,0,7,16244,5,8206,0,0,14,2,5,0,6,0,2,44,0,0,41,22169,31,17603,1,5000,0,0,42,92745,0,0,26,52325,84,186486,28,3008,31,392,35,0,0,0,0,1,0,800,0,0,0,0,0,0,0,0,0,29,9,19995,0,0,0,0,0,0,0,0,0,0,0,0,0,0,0,0,0,0,0,0,0,0,0,0,0,0,0,0,0,0,0,0,0,0,0,0,0,0,0,0,0,0,0,0,0,0,0,0,0,0,0,0,0,0,0,0,0,0,0,0,0,0,0,0,0,0,0,0,0,0,0,0,0,0,0,0,0,0,0,0,0
Barkhamsted CSP,3683,0,0,0,0,0,0,0,0,0,0,0,0,0,0,0,0,0,0,1,175,0,0,0,0,0,0,0,0,0,0,1,1,0,0,0,0,0,0,0,0,1,70,1,0,0,0,0,0,1,2924,0,0,1,0,2,2,0,0,0,0,0,0,0,0,1,400,0,0,0,0,0,0,0,0,8,7304,7,7693,0,0,2,11,3,4,0,0,0,1,0,15396,0,0,0,0,0,0,0,0,0,19,16,176,0,0,0,0,0,0,0,0,0,0,0,0,0,0,0,0,0,0,0,0,0,0,0,0,0,0,0,0,0,0,0,0,0,0,0,0,0,0,0,0,0,0,0,0,0,0,0,0,0,0,0,0,0,0,0,0,0,0,0,0,0,0,0,0,0,0,0,0,0,0,0,0,0,0,0,0,0,0,0,0,0
Beacon Falls CSP,5530,0,0,0,0,0,0,0,1,0,0,0,0,0,0,0,0,0,0,0,0,0,0,0,0,0,0,0,0,0,0,0,0,0,0,0,0,0,0,0,0,5,16849,4,14450,0,0,1,0,2,8570,0,0,3,1,8,5,1,0,0,0,0,0,0,0,7,2818,2,3600,0,0,3,108,0,0,12,27222,16,33513,3,211,5,24,7,7,0,0,0,0,0,39200,0,0,0,0,0,0,0,0,0,59,48,3409,0,0,0,0,0,0,0,0,0,0,0,0,0,0,0,0,0,0,0,0,0,0,0,0,0,0,0,0,0,0,0,0,0,0,0,0,0,0,0,0,0,0,0,0,0,0,0,0,0,0,0,0,0,0,0,0,0,0,0,0,0,0,0,0,0,0,0,0,0,0,0,0,0,0,0,0,0,0,0,0,0
Berlin PD,19204,0,0,0,0,0,0,0,0,0,0,0,0,1,500,0,0,1,100,1,100,1,5757,1,90,3,1,0,0,1,0,1,2,4,1,1,1,7,4,4,4,11,67434,21,74966,0,0,14,12920,9,15996,0,0,32,6,20,3,3,0,0,0,0,0,17,2109,74,50469,12,8415,6,1934,45,101544,1,0,90,193365,137,350820,56,6197,52,819,36,9,0,0,0,1,0,67457,0,0,0,1,0,5000,1,0,1,160,87,7276,0,0,0,0,0,0,0,0,0,0,0,0,0,0,0,0,0,0,0,0,0,0,0,0,0,0,0,0,0,0,0,0,0,0,0,0,0,0,0,0,0,0,0,0,0,0,0,0,0,0,0,0,0,0,0,0,0,0,0,0,0,0,0,0,0,0,0,0,0,0,0,0,0,0,0,0,0,0,0,5,2
Bethany CSP,5313,0,0,0,0,0,0,2,1,0,0,0,0,0,0,0,0,0,0,0,0,0,0,0,0,0,0,0,0,0,0,0,0,0,0,0,0,1,0,0,0,7,6828,10,23319,0,0,1,0,0,0,0,0,7,0,9,0,2,0,0,0,0,0,0,0,5,3641,2,1600,0,0,6,14950,0,0,13,16564,18,36304,4,410,4,41,4,0,2,0,0,1,0,2500,0,0,0,0,0,0,0,0,0,21,16,3050,0,0,0,0,0,0,0,0,0,0,0,0,0,0,0,0,0,0,0,0,0,0,0,0,0,0,0,0,0,0,0,0,0,0,0,0,0,0,0,0,0,0,0,0,0,0,0,0,0,0,0,0,0,0,0,0,0,0,0,0,0,0,0,0,0,0,0,0,0,0,0,0,0,0,0,0,0,0,0,0,0
Bethel PD,19046,0,0,0,0,0,0,3,0,0,0,0,0,2,300,0,0,0,0,0,0,0,0,0,0,1,0,0,0,0,0,1,1,0,0,0,0,1,1,0,0,0,0,0,0,33,134362,0,0,0,0,15,5252,24,6,22,4,2,0,0,0,0,0,55,15231,84,19290,8,23867,5,2300,16,34576,1,0,99,89873,123,175549,80,8948,65,640,65,5,1,5,1,0,0,83415,2,1,5350,0,0,0,0,0,0,58,49,98966,0,0,0,0,0,0,0,0,0,0,0,0,0,0,0,0,0,0,0,0,0,0,0,0,0,0,0,0,0,0,0,0,0,0,0,0,0,0,0,0,0,0,0,0,0,0,0,0,0,0,0,0,0,0,0,0,0,0,0,0,0,0,0,0,0,0,0,0,0,0,0,0,0,0,0,0,0,0,0,2,2
Bethlehem CSP,3607,0,0,0,0,0,0,0,0,0,0,0,0,0,0,0,0,0,0,0,0,0,0,0,0,0,0,0,0,0,0,0,0,0,0,0,0,0,0,0,0,2,900,1,1,0,0,1,1460,1,0,0,0,2,1,3,0,0,0,0,0,0,0,0,0,1,100,0,0,0,0,1,80,0,0,7,4951,5,4950,2,180,2,1,0,0,0,0,0,6,0,44500,0,0,0,0,0,0,0,0,0,24,15,0,0,0,0,0,0,0,0,0,0,0,0,0,0,0,0,0,0,0,0,0,0,0,0,0,0,0,0,0,0,0,0,0,0,0,0,0,0,0,0,0,0,0,0,0,0,0,0,0,0,0,0,0,0,0,0,0,0,0,0,0,0,0,0,0,0,0,0,0,0,0,0,0,0,0,0,0,0,0,0,0,0
Bloomfield PD,20649,0,0,0,0,0,0,5,1,0,0,3,250,3,403,0,0,1,2283,0,0,0,0,1,0,2,1,0,0,2,0,4,3,0,0,2,1,8,3,8,4,17,18647,35,149004,0,0,4,14235,13,42971,0,0,40,4,26,4,3,1,0,0,1,60,96,13883,40,22597,34,28291,10,1211,38,19074,0,0,187,294862,181,364026,142,14714,83,1238,102,22,2,2,0,8,4,103631,0,0,0,0,0,0,0,0,0,295,42,33481,0,0,0,0,0,0,0,0,0,0,0,0,0,0,0,0,0,0,0,0,0,0,0,0,0,0,0,0,0,0,0,0,0,0,0,0,0,0,0,0,0,0,0,0,0,0,0,0,0,0,0,0,0,0,0,0,0,0,0,0,0,0,0,0,0,0,0,0,0,0,0,0,0,0,0,0,0,0,0,0,0
Bolton CSP,5289,0,0,0,0,0,0,0,0,0,0,0,0,2,2779,0,0,0,0,0,0,0,0,0,0,1,0,1,0,0,0,0,0,0,0,0,0,0,0,0,0,3,37470,1,0,0,0,0,0,3,670,0,0,4,0,1,0,2,0,0,0,0,0,1,360,2,470,2,2300,0,0,0,0,0,0,18,43587,18,46354,3,312,2,51,5,0,0,1,0,0,0,13600,0,0,0,0,0,0,1,0,10,28,18,4594,0,0,0,0,0,0,0,0,0,0,0,0,0,0,0,0,0,0,0,0,0,0,0,0,0,0,0,0,0,0,0,0,0,0,0,0,0,0,0,0,0,0,0,0,0,0,0,0,0,0,0,0,0,0,0,0,0,0,0,0,0,0,0,0,0,0,0,0,0,0,0,0,0,0,0,0,0,0,0,0,0
Bozrah CSP,2486,1,0,0,0,0,0,2,0,0,0,0,0,0,0,0,0,0,0,0,0,0,0,1,1,1,1,0,0,0,0,0,0,0,0,0,0,1,1,0,0,2,1340,2,4510,0,0,1,10,0,0,0,0,3,1,2,0,0,0,0,0,0,0,0,0,1,400,0,0,0,0,1,4200,0,0,6,6797,6,11354,0,0,2,43,2,1,0,0,0,0,0,2000,0,0,0,0,0,0,0,0,0,14,9,300,1,0,0,0,0,0,0,0,0,0,0,0,0,0,0,0,0,0,0,0,0,0,0,0,0,0,0,0,0,0,0,0,0,0,0,0,0,0,0,0,0,0,0,0,0,0,0,0,0,0,0,0,0,0,0,0,0,0,0,0,0,0,0,0,0,0,0,1,0,0,0,0,0,0,0,0,0,1,0,0,0
Branford PD,30239,0,0,0,0,0,0,0,0,0,0,2,801,4,591,1,500,0,0,0,0,1,5050,2,614,4,1,1,1,3,1,2,3,0,0,3,0,1,1,7,2,11,15369,28,82795,0,0,12,15990,5,150,0,0,40,8,15,4,1,1,0,0,1,538,124,31142,156,98034,24,5667,14,3994,102,178602,0,0,177,286974,262,590550,116,12069,220,2332,130,21,4,2,0,1,0,84378,0,0,0,0,0,0,1,0,1,258,83,114034,0,0,0,0,0,0,0,0,0,0,0,0,0,0,0,0,0,0,0,0,0,0,0,0,0,0,0,0,0,0,0,0,0,0,0,0,0,0,0,0,0,0,0,0,0,0,0,0,0,0,0,0,0,0,0,0,0,0,0,0,0,0,0,0,0,0,0,0,0,0,0,0,0,0,0,0,0,0,0,0,0
Bridgeport PD,147101,22,15,0,0,0,0,376,39,12,5,445,232289,63,71000,2,5000,4,1428,78,79267,5,16800,9,2942,235,41,44,9,42,12,285,56,134,45,183,114,283,142,144,74,273,512270,526,984555,340,780166,162,257643,32,38289,44,111136,745,61,514,46,118,12,11,4584,19,8192,340,36641,809,401551,641,113820,91,17522,216,90793,2,4102,779,776548,1083,1313727,904,108428,921,31598,317,740,52,76,4,52,15,3922912,4,2,1120350,21,0,179525,0,0,0,3063,1412,1504045,3,15,0,0,0,2,2,0,0,0,0,0,0,0,0,0,0,0,0,0,0,0,0,0,0,0,0,0,0,0,0,0,0,0,0,0,0,0,0,0,0,0,0,0,0,4,0,0,0,0,0,0,0,0,0,0,0,0,0,0,0,0,0,0,0,1,1,16,2,0,1,0,1,0,0,2,8,8,0,99,99
Bridgewater CSP,1924,0,0,0,0,0,0,0,0,0,0,0,0,0,0,0,0,0,0,0,0,0,0,0,0,0,0,0,0,0,0,0,0,0,0,0,0,0,0,1,0,1,1,2,750,0,0,0,0,0,0,0,0,0,0,3,2,0,0,0,0,0,0,0,0,2,8330,0,0,0,0,1,4000,0,0,5,9163,5,21361,1,130,2,2,0,0,0,0,0,0,0,0,0,0,0,0,0,0,0,0,0,4,0,20,0,0,0,0,0,0,0,0,0,0,0,0,0,0,0,0,0,0,0,0,0,0,0,0,0,0,0,0,0,0,0,0,0,0,0,0,0,0,0,0,0,0,0,0,0,0,0,0,0,0,0,0,0,0,0,0,0,0,0,0,0,0,0,0,0,0,0,0,0,0,0,0,0,0,0,0,0,0,0,0,0
Bristol PD,63320,2,1,0,0,0,0,9,2,0,0,12,3854,16,32328,2,1400,7,1986,7,2641,2,2904,5,4405,16,2,2,1,5,0,28,10,3,0,8,4,10,7,9,7,91,116929,191,831586,0,0,24,72743,50,92832,0,0,168,24,177,26,11,1,0,0,1,850,230,99038,308,152165,47,56024,20,6925,62,54822,0,0,459,448990,506,777655,356,36050,265,5109,242,101,28,0,0,11,2,462667,3,0,10301,2,0,13000,2,0,30,829,451,304422,0,0,0,0,0,1,0,0,1,0,0,0,0,0,0,0,0,0,0,0,0,0,0,0,0,0,0,0,0,0,0,0,0,0,0,0,0,0,0,0,0,0,0,0,0,1,0,0,0,0,0,0,0,0,0,0,0,0,0,0,0,1,0,0,0,0,0,0,1,0,0,0,0,0,0,0,1,0,0,5,5
Brookfield PD,16514,0,0,0,0,0,0,0,0,0,0,0,0,0,0,0,0,0,0,0,0,0,0,0,0,0,0,0,0,0,0,0,0,0,0,0,0,1,1,1,1,5,23652,20,67498,0,0,4,800,7,16145,0,0,19,2,14,3,3,1,2,10,0,0,48,9917,11,16827,7,47039,1,2000,15,28503,0,0,66,101437,91,201677,35,3676,24,380,56,3,0,0,0,3,0,17525,0,0,0,0,0,0,0,0,0,58,45,31662,0,0,0,0,0,0,0,0,0,0,0,0,0,0,0,0,0,0,0,0,0,0,0,0,0,0,0,0,0,0,0,0,0,0,0,0,0,0,0,0,0,0,0,0,0,0,0,0,0,0,0,0,0,0,0,0,0,0,0,0,0,0,0,0,0,0,0,0,0,0,0,0,0,0,0,0,0,0,0,2,2
Brooklyn CSP,7563,0,0,0,0,0,0,1,0,0,0,1,0,0,0,0,0,1,544,1,1,0,0,0,0,1,1,0,0,0,0,2,1,0,0,3,2,2,2,1,1,12,28901,22,67309,0,0,1,1,4,13425,0,0,21,3,18,9,0,0,0,0,0,0,1,6,3,1575,1,1085,0,0,2,3001,0,0,25,31895,18,36930,4,549,10,83,8,3,2,0,0,0,0,29501,0,0,0,0,0,0,0,0,0,78,53,29504,0,0,0,0,0,0,0,0,0,0,0,0,0,0,0,0,0,0,0,0,0,0,0,0,0,0,0,0,0,0,0,0,0,0,0,0,0,0,0,0,0,0,0,0,0,0,0,0,0,0,0,0,0,0,0,0,0,0,0,0,0,0,0,0,0,0,0,0,0,0,0,0,0,0,0,0,0,0,0,0,0
Burlington CSP,8634,0,0,0,0,0,0,0,1,0,0,0,0,1,1351,0,0,0,0,0,0,0,0,0,0,1,0,0,0,0,0,0,0,0,0,0,0,0,0,1,1,4,18635,7,4028,0,0,1,1,2,1760,0,0,7,2,6,2,1,0,0,0,0,0,0,0,5,900,1,3000,0,0,3,8280,0,0,38,131385,32,142991,5,565,10,9,8,0,0,1,0,0,0,3300,0,0,0,0,0,0,0,0,0,34,25,1408,0,0,0,0,0,0,0,0,0,0,0,0,0,0,0,0,0,0,0,0,0,0,0,0,0,0,0,0,0,0,0,0,0,0,0,0,0,0,0,0,0,0,0,0,0,0,0,0,0,0,0,0,0,0,0,0,0,0,0,0,0,0,0,0,0,0,0,0,0,0,0,0,0,0,0,0,0,0,0,0,0
Canaan CSP,1138,0,0,0,0,0,0,0,0,0,0,0,0,0,0,0,0,0,0,0,0,0,0,0,0,0,0,0,0,0,0,0,0,0,0,0,0,3,3,0,0,0,0,0,0,0,0,0,0,0,0,0,0,0,0,0,0,0,0,0,0,0,0,0,0,1,229,0,0,0,0,1,650,0,0,5,2675,5,3354,2,200,0,0,2,0,0,0,0,0,0,0,0,0,0,0,0,0,0,0,0,12,10,1492,0,0,0,0,0,0,0,0,0,0,0,0,0,0,0,0,0,0,0,0,0,0,0,0,0,0,0,0,0,0,0,0,0,0,0,0,0,0,0,0,0,0,0,0,0,0,0,0,0,0,0,0,0,0,0,0,0,0,0,0,0,0,0,0,0,0,0,0,0,0,0,0,0,0,0,0,0,0,0,0,0
Canterbury CSP,4947,0,0,0,0,0,0,0,0,0,0,0,0,0,0,0,0,0,0,0,0,0,0,0,0,0,0,0,0,0,0,0,0,1,1,0,0,0,0,3,1,5,16485,10,32451,0,0,1,425,3,3087,0,0,12,2,7,1,0,0,0,0,0,0,0,0,4,1431,3,29520,0,0,1,3000,0,0,16,23139,16,56905,2,150,6,35,8,1,0,0,0,0,0,500,0,0,0,0,0,0,0,0,0,15,11,15181,0,0,0,0,0,0,0,0,0,0,0,0,0,0,0,0,0,0,0,0,0,0,0,0,0,0,0,0,0,0,0,0,0,0,0,0,0,0,0,0,0,0,0,0,0,0,0,0,0,0,0,0,0,0,0,0,0,0,0,0,0,0,0,0,0,0,0,0,0,0,0,0,0,0,0,0,0,0,0,0,0
Canton PD,9319,0,0,0,0,0,0,1,1,0,0,0,0,0,0,0,0,0,0,0,0,0,0,0,0,0,0,0,0,0,0,0,0,0,0,0,0,0,0,0,0,1,0,2,771,0,0,2,320,2,450,0,0,5,1,2,0,0,0,0,0,0,0,18,3125,13,2931,5,8324,1,1,4,2527,0,0,37,34809,34,49679,16,1693,28,345,21,3,0,0,0,0,0,49787,0,0,0,0,0,0,0,0,0,15,4,33820,0,0,0,0,0,0,0,0,0,0,0,0,0,0,0,0,0,0,0,0,0,0,0,0,0,0,0,0,0,0,0,0,0,0,0,0,0,0,0,0,0,0,0,0,0,0,0,0,0,0,0,0,0,0,0,0,0,0,0,0,0,0,0,0,0,0,0,0,0,0,0,0,0,0,0,0,0,0,0,0,0
Chaplin CSP,2369,1,0,0,0,0,0,0,0,0,0,0,0,0,0,0,0,0,0,0,0,0,0,0,0,0,0,0,0,0,0,0,0,0,0,1,1,0,0,1,0,1,951,5,5130,0,0,0,0,3,7225,0,0,7,0,2,0,0,0,0,0,0,0,0,0,4,1816,0,0,0,0,0,0,0,0,7,6920,6,8240,4,496,1,0,2,0,0,0,0,0,0,0,0,0,0,0,0,0,0,0,0,23,19,0,0,0,0,0,0,1,0,0,0,0,0,0,0,0,0,0,0,0,0,0,0,0,0,0,0,0,0,0,0,0,0,0,0,0,0,0,0,0,0,0,0,0,0,0,0,0,0,0,0,0,0,0,0,0,0,0,0,0,0,0,0,0,0,0,0,0,0,1,0,0,0,0,0,0,0,0,0,1,0,0,0
Cheshire PD,30092,0,0,0,0,0,0,0,0,0,0,0,0,3,833,0,0,0,0,0,0,0,0,1,200,2,1,1,0,0,0,1,1,0,0,0,0,0,0,0,0,9,193579,14,18981,0,0,12,116056,13,11475,0,0,23,1,22,5,3,0,0,0,0,0,27,8821,45,19597,34,23226,2,175,39,125954,0,0,70,161758,129,334010,43,4938,45,583,48,7,1,0,0,0,0,119433,0,0,0,0,0,0,0,0,0,148,81,107042,0,0,0,0,0,0,0,0,0,0,0,0,0,0,0,0,0,0,0,0,0,0,0,0,0,0,0,0,0,0,0,0,0,0,0,0,0,0,0,0,0,0,0,0,0,0,0,0,0,0,0,0,0,0,0,0,0,0,0,0,0,0,0,0,0,0,0,0,0,0,0,0,0,0,0,0,0,0,0,0,0
Chester CSP,3945,0,0,0,0,0,0,0,0,0,0,0,0,0,0,0,0,0,0,0,0,0,0,0,0,0,0,0,0,0,0,0,0,0,0,0,0,0,0,0,0,0,0,1,7500,0,0,0,0,1,750,0,0,0,2,2,1,0,0,0,0,0,0,0,0,1,1400,0,0,0,0,0,0,0,0,15,26857,12,28015,2,222,2,20,1,0,0,0,0,0,0,0,0,0,0,0,0,0,0,0,0,8,5,16860,0,0,0,0,0,0,0,0,0,0,0,0,0,0,0,0,0,0,0,0,0,0,0,0,0,0,0,0,0,0,0,0,0,0,0,0,0,0,0,0,0,0,0,0,0,0,0,0,0,0,0,0,0,0,0,0,0,0,0,0,0,0,0,0,0,0,0,0,0,0,0,0,0,0,0,0,0,0,0,0,0
Clinton PD,13806,0,0,0,0,0,0,15,7,1,0,0,0,2,352,0,0,0,0,1,5,0,0,0,0,0,0,1,1,0,0,2,1,0,0,3,3,2,2,3,3,10,22924,26,63265,0,0,4,350,13,47990,0,0,18,4,31,11,4,0,0,0,0,0,59,21786,56,20390,9,7188,9,3474,2,200,3,1203,110,155596,108,202117,61,6656,79,1064,49,6,3,0,0,1,0,52468,1,0,1,0,0,0,0,0,0,130,107,24848,0,0,0,0,0,0,0,0,0,0,0,0,0,0,0,0,0,0,0,0,0,0,0,0,0,0,0,0,0,0,0,0,0,0,0,0,0,0,0,0,0,0,0,0,0,0,0,0,0,0,0,0,0,0,0,0,0,0,0,0,0,0,0,0,0,0,0,0,0,0,0,0,0,0,0,0,0,0,0,0,0
Colchester CSP,15340,0,0,0,0,0,0,2,0,0,0,0,0,0,0,0,0,0,0,0,0,0,0,0,0,0,0,0,0,0,0,0,0,0,0,2,0,1,1,3,1,14,58592,25,38483,0,0,2,2160,8,4112,0,0,28,2,21,2,0,0,0,0,0,0,6,2266,14,11236,8,7925,1,404,9,16742,0,0,49,60907,59,98144,13,1208,15,128,27,1,0,1,0,0,0,14000,1,0,1,0,0,0,2,0,2,79,57,15115,0,0,0,0,0,0,0,0,0,0,0,0,0,0,0,0,0,0,0,0,0,0,0,0,0,0,0,0,0,0,0,0,0,0,0,0,0,0,0,0,0,0,0,0,0,0,0,0,0,0,0,0,0,0,0,0,0,0,0,0,0,0,0,0,0,0,0,0,0,0,0,0,0,0,0,0,0,0,0,0,0
Colebrook CSP,1552,0,0,0,0,0,0,0,0,0,0,0,0,0,0,0,0,0,0,0,0,0,0,0,0,0,0,0,0,0,0,0,0,0,0,0,0,0,0,0,0,0,0,1,500,0,0,0,0,1,4800,0,0,1,0,1,0,0,0,0,0,0,0,0,0,1,119,0,0,1,50,2,702,0,0,1,300,2,1000,2,169,1,2,1,0,0,0,0,0,0,0,0,0,0,0,0,0,0,0,0,6,5,0,0,0,0,0,0,0,0,0,0,0,0,0,0,0,0,0,0,0,0,0,0,0,0,0,0,0,0,0,0,0,0,0,0,0,0,0,0,0,0,0,0,0,0,0,0,0,0,0,0,0,0,0,0,0,0,0,0,0,0,0,0,0,0,0,0,0,0,0,0,0,0,0,0,0,0,0,0,0,0,0,0
Columbia CSP,5240,0,0,0,0,0,0,1,0,0,0,0,0,0,0,0,0,0,0,0,0,0,0,0,0,0,0,0,0,0,0,0,0,0,0,0,0,0,0,1,1,1,5000,4,4981,0,0,1,1750,2,2806,0,0,4,1,4,0,0,0,0,0,0,0,1,27,0,0,2,1900,0,0,2,2774,0,0,16,12923,17,17555,0,0,4,69,1,2,0,1,0,2,0,40438,0,0,0,0,0,0,0,0,0,12,11,4376,0,0,0,0,0,0,0,0,0,0,0,0,0,0,0,0,0,0,0,0,0,0,0,0,0,0,0,0,0,0,0,0,0,0,0,0,0,0,0,0,0,0,0,0,0,0,0,0,0,0,0,0,0,0,0,0,0,0,0,0,0,0,0,0,0,0,0,0,0,0,0,0,0,0,0,0,0,0,0,0,0
Cornwall CSP,1514,0,0,0,0,0,0,0,0,0,0,0,0,0,0,0,0,0,0,0,0,0,0,0,0,0,0,0,0,0,0,0,0,0,0,0,0,0,0,0,0,0,0,2,6820,0,0,1,2019,2,23609,0,0,2,0,3,0,0,0,0,0,0,0,0,0,1,850,1,173,0,0,0,0,0,0,11,22716,10,23266,3,473,0,0,0,0,0,0,0,0,0,0,0,0,0,0,0,0,0,0,0,3,0,0,0,0,0,0,0,0,0,0,0,0,0,0,0,0,0,0,0,0,0,0,0,0,0,0,0,0,0,0,0,0,0,0,0,0,0,0,0,0,0,0,0,0,0,0,0,0,0,0,0,0,0,0,0,0,0,0,0,0,0,0,0,0,0,0,0,0,0,0,0,0,0,0,0,0,0,0,0,0,0,0,0
Coventry PD,12128,0,0,0,0,0,0,2,0,0,0,0,0,0,0,0,0,0,0,0,0,0,0,0,0,0,1,0,0,0,1,0,0,0,0,0,0,0,0,0,0,1,30,14,8507,39,50789,1,99,2,3273,10,4145,30,10,33,8,4,1,0,0,0,0,5,368,23,8849,5,5026,1,100,6,7203,0,0,63,11160,36,28153,40,4078,27,475,16,0,0,1,0,1,2,2000,0,0,0,0,0,0,0,0,0,80,63,15079,0,0,0,0,0,0,0,0,0,0,0,0,0,0,0,0,0,0,0,0,0,0,0,0,0,0,0,0,0,0,0,0,0,0,0,0,0,0,0,0,0,0,0,0,0,0,0,0,0,0,0,0,0,0,0,0,0,0,0,0,0,0,0,0,0,0,0,0,0,0,0,0,0,0,0,0,0,0,0,0,0
Cromwell PD,13568,0,0,0,0,0,0,0,0,1,0,0,0,2,923,1,570,1,220,1,0,0,0,1,500,4,0,1,0,0,0,1,0,0,0,0,0,4,4,0,0,24,69588,0,0,0,0,20,31863,0,0,0,0,30,2,5,0,9,0,0,0,1,318,44,2251,58,31143,14,11370,2,258,65,82707,0,0,49,26677,94,147860,66,6239,73,625,41,8,0,1,1,4,0,61470,0,0,0,0,0,0,0,0,0,86,74,35913,0,0,0,0,0,0,0,0,0,0,0,0,0,0,0,0,0,0,0,0,0,0,0,0,0,0,0,0,0,0,0,0,0,0,0,0,0,0,0,0,0,0,0,0,0,0,0,0,0,0,0,0,0,0,0,0,0,0,0,0,0,0,0,0,0,0,0,0,0,0,0,0,0,0,0,0,0,0,0,3,2
Danbury PD,78909,1,0,0,0,0,522,22,4,1,0,24,6404,10,47503,3,967,1,500,2,3500,0,0,5,410,12,3,5,0,3,1,25,4,2,0,14,5,7,4,17,4,76,138184,140,273946,0,0,34,128801,37,48942,0,0,150,9,93,10,44,4,2,422,2,915,299,54345,237,156769,64,21790,14,2384,348,649893,5,1849,230,252078,517,1101620,322,34212,362,4613,318,61,3,5,1,8,2,523475,3,1,0,3,0,0,0,0,0,70,27,443967,0,0,0,0,0,0,1,0,0,0,0,0,0,0,0,0,0,0,0,0,0,0,0,0,0,0,0,0,0,0,0,0,0,0,0,0,0,0,0,0,0,0,0,0,0,0,0,0,0,0,0,0,0,0,0,0,0,0,0,0,0,0,0,0,0,0,0,1,0,0,0,0,0,0,0,0,0,1,0,8,1
Darien PD,20670,0,0,0,0,0,0,0,0,0,0,0,0,0,0,1,106,0,0,0,0,0,0,0,0,1,0,0,0,0,0,0,0,0,0,0,0,0,0,1,2,0,0,9,7580,0,0,2,158,2,1906,0,0,3,1,10,4,0,0,0,0,0,0,10,5102,34,9514,1,2,4,2352,3,54993,0,0,34,42044,49,112891,8,998,29,118,22,1,1,0,0,0,0,20000,0,0,0,0,0,0,0,0,0,46,46,22438,0,0,0,0,0,0,0,0,0,0,0,0,0,0,0,0,0,0,0,0,0,0,0,0,0,0,0,0,0,0,0,0,0,0,0,0,0,0,0,0,0,0,0,0,0,0,0,0,0,0,0,0,0,0,0,0,0,0,0,0,0,0,0,0,0,0,0,0,0,0,0,0,0,0,0,0,0,0,0,1,1
Deep River CSP,4861,0,0,0,0,0,0,0,0,0,0,0,0,0,0,0,0,0,0,0,0,0,0,0,0,0,0,0,0,0,0,0,0,0,0,0,0,0,0,0,0,1,70,3,6271,0,0,0,0,1,200,0,0,1,1,4,1,0,0,0,0,0,0,2,73,7,3979,0,0,0,0,0,0,0,0,15,24540,16,28154,3,338,5,100,16,2,2,0,0,0,0,14000,0,0,0,0,0,0,1,1,50,38,29,20336,0,0,0,0,0,0,0,0,0,0,0,0,0,0,0,0,0,0,0,0,0,0,0,0,0,0,0,0,0,0,0,0,0,0,0,0,0,0,0,0,0,0,0,0,0,0,0,0,0,0,0,0,0,0,0,0,0,0,0,0,0,0,0,0,0,0,0,0,0,0,0,0,0,0,0,0,0,0,0,0,0
Derby PD,13063,1,0,0,0,0,0,8,3,0,0,2,2,4,117,0,0,4,921,0,0,0,0,0,0,1,0,3,1,1,0,5,2,4,3,3,3,0,0,2,1,9,7712,7,3724,48,110729,2,2910,3,5400,23,93571,56,6,24,7,12,1,1,50,1,201,67,15247,79,28950,18,653,7,1405,69,33980,0,0,29,27371,105,99320,71,7577,95,960,59,32,6,1,0,1,0,89703,1,0,50,1,0,1,0,0,0,162,148,89742,1,0,0,0,0,0,0,0,0,0,0,0,0,0,0,0,0,0,0,0,0,0,0,0,0,0,0,0,0,0,0,0,0,0,0,0,0,0,0,0,0,0,0,0,0,1,0,0,0,0,0,0,0,0,0,0,0,0,0,0,0,0,0,0,0,0,0,0,1,0,0,0,0,0,0,0,0,0,0,2,2
Durham CSP,6987,0,0,0,0,0,0,0,0,0,0,0,0,0,0,0,0,0,0,0,0,1,2,0,0,0,0,0,0,1,0,0,0,0,0,0,0,0,0,1,0,2,3489,5,8518,0,0,2,520,4,2480,0,0,11,0,2,2,0,0,0,0,0,0,0,0,3,1340,0,0,0,0,1,1840,0,0,13,57435,14,60401,2,212,1,2,3,1,0,0,0,0,0,25000,0,0,0,0,0,0,0,0,0,16,10,30710,0,0,0,0,0,0,0,0,0,0,0,0,0,0,0,0,0,0,0,0,0,0,0,0,0,0,0,0,0,0,0,0,0,0,0,0,0,0,0,0,0,0,0,0,0,0,0,0,0,0,0,0,0,0,0,0,0,0,0,0,0,0,0,0,0,0,0,0,0,0,0,0,0,0,0,0,0,0,0,0,0
Eastford CSP,1706,0,0,0,0,0,0,0,0,0,0,0,0,0,0,0,0,0,0,0,0,0,0,0,0,0,0,0,0,0,0,0,0,0,0,0,0,0,0,0,0,1,2400,3,5330,0,0,0,0,0,0,0,0,1,0,3,0,0,0,0,0,0,0,0,0,0,0,0,0,0,0,0,0,0,0,2,4099,1,4099,0,0,1,0,1,0,0,0,0,0,0,0,0,0,0,0,0,0,0,0,0,1,1,0,0,0,0,0,0,0,0,0,0,0,0,0,0,0,0,0,0,0,0,0,0,0,0,0,0,0,0,0,0,0,0,0,0,0,0,0,0,0,0,0,0,0,0,0,0,0,0,0,0,0,0,0,0,0,0,0,0,0,0,0,0,0,0,0,0,0,0,0,0,0,0,0,0,0,0,0,0,0,0,0,0
East Granby CSP,5002,0,0,0,0,0,0,1,1,0,0,0,0,1,501,0,0,0,0,0,0,0,0,0,0,1,0,0,0,0,0,0,0,0,0,0,0,0,0,1,1,2,9151,3,9600,0,0,1,310,1,7900,0,0,5,1,2,1,0,0,0,0,0,0,0,0,11,10148,0,0,0,0,2,1480,1,10,9,15292,10,25818,10,1047,3,65,5,13,3,0,0,2,0,51102,0,0,0,0,0,0,0,0,0,19,10,10875,0,0,0,0,0,0,0,0,0,0,0,0,0,0,0,0,0,0,0,0,0,0,0,0,0,0,0,0,0,0,0,0,0,0,0,0,0,0,0,0,0,0,0,0,0,0,0,0,0,0,0,0,0,0,0,0,0,0,0,0,0,0,0,0,0,0,0,0,0,0,0,0,0,0,0,0,0,0,0,0,0
East Haddam CSP,8786,0,0,0,0,0,0,0,0,0,0,0,0,0,0,0,0,0,0,0,0,0,0,0,0,0,0,0,0,0,0,0,0,0,0,0,0,1,0,2,0,11,33288,33,76410,0,0,2,7529,6,10921,0,0,18,6,34,3,0,0,0,0,0,0,0,0,5,979,1,500,0,0,2,1801,0,0,61,57994,52,60170,10,985,7,119,7,0,0,0,0,1,0,3000,1,0,100000,0,0,0,0,0,0,39,28,7160,0,0,0,0,0,0,0,0,0,0,0,0,0,0,0,0,0,0,0,0,0,0,0,0,0,0,0,0,0,0,0,0,0,0,0,0,0,0,0,0,0,0,0,0,0,0,0,0,0,0,0,0,0,0,0,0,0,0,0,0,0,0,0,0,0,0,0,0,0,0,0,0,0,0,0,0,0,0,0,0,0
East Hampton PD,14077,1,0,0,0,0,0,1,0,0,0,0,0,0,0,0,0,1,0,0,0,0,0,0,0,1,0,0,0,0,0,0,0,0,0,0,0,1,0,1,1,2,1000,9,61166,12,14610,3,17600,4,2829,4,5043,16,4,15,3,3,0,0,0,1,100,16,2311,16,5433,7,5681,4,821,18,17773,0,0,48,71407,56,101549,16,1545,38,432,16,3,2,0,0,2,0,19700,0,0,0,0,0,0,0,0,0,18,16,36740,0,0,0,0,0,0,0,0,0,0,0,0,0,0,1,0,0,0,0,0,0,0,0,0,0,0,0,0,0,0,0,0,0,0,0,0,0,0,0,0,0,0,0,0,0,0,1,0,0,0,0,0,0,0,0,0,0,0,0,0,0,0,0,0,0,0,0,0,0,0,0,0,0,1,0,0,0,0,0,0,0
East Hartford PD,52265,2,5,2,0,0,0,23,9,3,1,16,1597,21,16238,0,0,9,4164,21,19510,1,560,15,1641,23,13,8,3,11,7,41,11,5,2,28,28,27,17,21,16,94,146016,198,283952,0,0,30,7069,40,26927,0,0,206,49,132,19,24,6,2,227,1,602,186,23408,183,66101,298,129725,49,8361,168,133590,3,149,182,315044,363,655285,180,18386,529,3536,183,160,5,2,0,16,0,840798,0,0,0,2,0,4,9,1,5016,984,782,759629,0,2,0,0,0,0,0,0,0,0,0,0,0,0,0,0,0,0,0,0,0,0,0,0,0,0,0,0,0,0,0,0,0,0,0,0,0,0,0,0,0,0,0,0,0,0,1,0,0,0,0,0,0,0,0,0,0,0,0,0,0,0,0,0,0,1,0,0,0,0,0,0,0,1,0,1,0,0,0,7,7
East Haven PD,29717,1,1,0,0,0,0,5,1,1,0,4,107,3,482,1,1,2,85,0,0,1,1,4,1976,6,1,0,0,2,2,7,6,1,0,4,1,4,3,1,0,48,109694,88,232420,0,0,17,13230,13,7387,0,0,85,14,58,6,23,1,0,0,1,1,156,19134,196,78493,14,5965,17,5135,179,222202,0,0,81,50395,224,367521,112,11497,308,2307,125,54,2,4,0,9,0,272237,2,0,2,1,0,1,0,0,0,187,77,143965,0,0,0,0,0,1,0,0,0,0,0,0,0,0,0,0,0,0,0,0,0,0,0,0,0,0,0,0,0,0,0,0,0,0,0,0,0,0,0,0,0,0,0,0,0,0,0,0,0,0,0,0,0,0,0,0,0,0,0,0,0,0,0,1,0,0,0,0,0,0,0,0,0,0,0,1,0,0,0,5,5
East Lyme CSP,19102,0,1,0,0,0,0,3,1,0,0,0,0,1,599,0,0,0,0,0,0,1,2145,1,2340,1,0,0,0,0,0,2,1,0,0,0,0,4,1,1,1,2,0,13,37251,0,0,6,2680,6,7520,0,0,10,14,16,6,1,0,0,0,0,0,27,6420,17,16880,4,10532,2,799,3,4981,0,0,73,201888,79,238355,24,2914,23,231,37,9,2,1,0,1,0,21602,1,1,10000,0,0,0,0,0,0,73,55,90102,0,0,0,0,0,0,0,0,0,0,0,0,0,0,0,0,0,0,0,0,0,0,0,0,0,0,0,0,0,0,0,0,0,0,0,0,0,0,0,0,0,0,0,0,0,0,0,0,0,0,0,0,0,0,0,0,0,0,0,0,0,0,0,0,0,0,0,0,0,0,0,0,0,0,0,0,0,0,0,0,0
Easton PD,7666,0,0,0,0,0,0,0,0,0,0,0,0,0,0,0,0,0,0,0,0,0,0,0,0,0,0,0,0,0,0,0,0,0,0,0,0,0,0,0,0,2,5065,0,0,14,88326,0,0,0,0,1,1,14,1,0,0,3,1,0,0,0,0,0,0,5,1301,1,200,0,0,5,52786,0,0,11,31351,13,85315,4,300,5,23,2,1,0,0,0,0,0,100,0,0,0,0,0,0,0,0,0,16,16,0,0,0,0,0,0,0,0,0,0,0,0,0,0,0,0,0,0,0,0,0,0,0,0,0,0,0,0,0,0,0,0,0,0,0,0,0,0,0,0,0,0,0,0,0,0,0,0,0,0,0,0,0,0,0,0,0,0,0,0,0,0,0,0,0,0,0,0,0,0,0,0,0,0,0,0,0,0,0,0,0,0
East Windsor PD,10351,0,0,0,0,0,0,7,1,0,0,1,100,4,5583,0,0,0,0,0,0,0,0,1,170,1,0,2,2,1,0,2,1,0,0,0,0,2,1,3,3,13,17592,28,45832,0,0,7,10763,13,38685,0,0,34,4,24,2,3,0,0,0,0,0,61,7657,46,28385,28,28056,4,1128,28,74002,2,110,106,128455,130,259239,73,7462,72,1092,64,9,4,0,0,0,0,66965,1,1,80000,1,0,47180,2,0,2,145,69,55612,0,0,0,0,0,0,0,0,0,0,0,0,0,0,0,0,0,0,0,0,0,0,0,0,0,0,0,0,0,0,0,0,0,0,0,0,0,0,0,0,0,0,0,0,0,0,0,0,0,0,0,0,0,0,0,0,0,0,0,0,0,0,0,0,0,0,0,0,0,0,0,0,0,0,0,0,0,0,0,1,0
Ellington CSP,13623,0,0,0,0,0,0,6,0,0,0,0,0,0,0,0,0,0,0,0,0,0,0,0,0,0,0,0,0,0,0,0,0,0,0,1,0,0,1,2,1,1,0,8,4494,0,0,3,1357,6,57830,0,0,6,7,8,3,4,1,0,0,0,0,5,769,22,21117,4,3392,0,0,2,9075,1,80,8,19399,29,52707,11,1093,2,32,11,1,0,2,0,1,0,4850,0,0,0,0,0,0,0,0,0,41,36,22286,0,0,0,0,0,0,0,0,0,0,0,0,0,0,0,0,0,0,0,0,0,0,0,0,0,0,0,0,0,0,0,0,0,0,0,0,0,0,0,0,0,0,0,0,0,0,0,0,0,0,0,0,0,0,0,0,0,0,0,0,0,0,0,0,0,0,0,0,0,0,0,0,0,0,0,0,0,0,0,0,0
Enfield PD,47666,0,0,0,0,0,0,0,0,0,0,0,0,0,0,0,0,5,1076,1,500,0,0,6,310,0,0,3,0,0,0,9,4,1,0,3,3,3,3,11,11,54,59831,41,89906,45,67341,28,478036,9,17970,21,11660,84,14,95,18,19,1,0,0,0,0,189,72983,193,111377,19,29365,24,6953,33,48077,2,19114,131,142756,301,409169,181,19811,109,1645,242,21,0,4,0,6,0,140315,2,0,450,2,0,6700,1,1,500,194,185,193443,0,0,0,0,0,0,0,0,0,0,0,0,0,0,0,0,0,0,0,0,0,0,0,0,0,0,0,0,0,0,0,0,0,0,0,0,0,0,0,0,0,0,0,0,0,0,0,0,0,0,0,0,0,0,0,0,0,0,0,0,0,0,0,0,0,0,0,0,0,0,0,0,0,0,0,0,0,0,0,11,8
Essex CSP,6859,0,0,0,0,0,0,0,0,0,0,0,0,0,0,0,0,0,0,0,0,0,0,0,0,0,0,0,0,0,0,0,0,0,0,0,0,0,0,0,0,1,38800,6,52059,0,0,2,87,3,17921,0,0,7,1,5,3,0,0,0,0,0,0,1,449,3,625,0,0,0,0,2,200,0,0,13,90367,16,91559,1,50,2,32,10,0,0,0,0,0,0,0,0,0,0,0,0,0,0,0,0,22,17,897,0,0,0,0,0,0,0,0,0,0,0,0,0,0,0,0,0,0,0,0,0,0,0,0,0,0,0,0,0,0,0,0,0,0,0,0,0,0,0,0,0,0,0,0,0,0,0,0,0,0,0,0,0,0,0,0,0,0,0,0,0,0,0,0,0,0,0,0,0,0,0,0,0,0,0,0,0,0,0,0,0
Fairfield PD,60452,0,0,0,0,1,0,3,1,0,0,1,0,7,1914,1,300,1,0,0,0,0,0,3,2416,4,3,3,1,1,1,5,2,0,0,2,1,4,3,13,11,66,192685,101,165644,0,0,35,15775,29,44565,0,0,116,20,85,15,30,4,0,0,1,540,215,91288,270,124436,129,59868,35,9988,172,431771,0,0,178,176567,508,867430,236,25115,256,1913,192,63,4,0,0,7,0,476650,0,2,0,0,1,0,1,0,500,193,171,483500,0,0,0,0,0,0,0,0,0,0,0,0,0,0,0,0,0,0,0,0,0,0,0,0,0,0,0,0,0,0,0,0,0,0,0,0,0,0,0,0,0,0,0,0,0,0,0,0,0,0,0,0,0,0,0,0,0,0,0,0,0,0,0,0,0,0,0,0,0,0,0,0,0,0,0,0,0,0,0,1,1
Farmington PD,24924,0,1,0,0,0,1200,2,0,0,0,1,0,13,3262,0,0,0,0,0,0,1,0,2,249,0,0,1,1,4,4,12,12,0,0,3,2,2,1,0,0,12,77258,22,78828,0,0,3,435,13,27907,0,0,20,2,29,7,1,0,1,480,0,0,309,121569,59,553600,3,125,0,0,87,102506,0,0,91,334002,297,1092547,160,17770,93,1965,270,26,3,0,0,3,1,105818,0,0,0,1,0,1,0,0,0,107,72,82975,0,0,0,0,0,0,0,0,0,0,0,0,0,0,0,0,0,0,0,0,0,0,0,0,0,0,0,0,0,0,0,0,0,0,0,0,0,0,0,0,0,0,0,0,0,0,0,0,0,0,0,0,0,0,0,0,0,0,0,0,0,0,0,0,0,0,0,0,0,0,0,0,0,0,0,0,0,0,0,0,0
Franklin CSP,1935,0,0,0,0,0,0,0,0,0,0,0,0,0,0,0,0,2,381,0,0,0,0,0,0,1,0,1,0,0,0,0,0,0,0,0,0,2,0,0,0,4,5195,8,9364,0,0,0,0,4,4072,0,0,7,2,9,1,0,0,0,0,0,0,0,0,0,0,2,27400,0,0,1,2200,0,0,2,6000,5,35600,0,0,0,0,1,1,0,1,0,0,0,3700,0,0,0,0,0,0,0,0,0,6,6,22550,0,0,0,0,0,0,0,0,0,0,0,0,0,0,0,0,0,0,0,0,0,0,0,0,0,0,0,0,0,0,0,0,0,0,0,0,0,0,0,0,0,0,0,0,0,0,0,0,0,0,0,0,0,0,0,0,0,0,0,0,0,0,0,0,0,0,0,0,0,0,0,0,0,0,0,0,0,0,0,0,0
Glastonbury PD,33605,0,0,0,0,0,0,4,3,0,0,0,0,4,1978,1,386,0,0,3,108639,0,0,1,40,3,0,1,1,0,0,5,4,0,0,0,0,8,8,2,2,13,30598,27,136386,0,0,6,3534,9,14544,0,0,34,10,16,2,5,0,0,0,1,94,46,43873,63,23200,55,44134,6,1706,47,144817,1,900,59,98058,154,349165,65,6732,59,885,89,7,5,0,0,6,0,95439,1,0,925000,0,0,0,0,0,0,137,137,182729,0,0,0,0,0,0,0,0,0,0,0,0,0,0,0,0,0,0,0,0,0,0,0,0,0,0,0,0,0,0,0,0,0,0,0,0,0,0,0,0,0,0,0,0,0,0,0,0,0,0,0,0,0,0,0,0,0,0,0,0,0,0,0,0,0,0,0,0,0,0,0,0,0,0,0,0,0,0,0,2,2
Goshen CSP,2843,0,0,0,0,0,0,0,0,0,0,0,0,0,0,0,0,0,0,0,0,0,0,0,0,0,0,0,0,0,0,0,0,0,0,0,0,1,1,0,0,0,0,2,2001,0,0,0,0,0,0,0,0,1,0,0,1,1,0,0,0,0,0,0,0,3,2201,3,3,0,0,1,0,0,0,4,3358,5,5408,1,150,5,4,3,1,0,0,0,0,0,9500,0,0,0,0,0,0,0,0,0,17,15,1,0,0,0,0,0,0,0,0,0,0,0,0,0,0,0,0,0,0,0,0,0,0,0,0,0,0,0,0,0,0,0,0,0,0,0,0,0,0,0,0,0,0,0,0,0,0,0,0,0,0,0,0,0,0,0,0,0,0,0,0,0,0,0,0,0,0,0,0,0,0,0,0,0,0,0,0,0,0,0,0,0
Granby PD,10907,0,0,0,0,0,0,0,0,0,0,0,0,0,0,0,0,0,0,0,0,1,11720,0,0,0,0,0,0,0,0,1,1,0,0,0,0,1,1,0,0,2,4560,1,12001,0,0,0,0,2,1558,0,0,1,1,4,2,0,0,0,0,0,0,8,1293,18,11852,1,50,0,0,39,26648,0,0,37,79073,63,116518,24,2249,16,149,20,0,0,0,0,0,0,0,0,0,0,0,0,0,0,0,0,85,56,14986,0,0,0,0,0,0,0,0,0,0,0,0,0,0,0,0,0,0,0,0,0,0,0,0,0,0,0,0,0,0,0,0,0,0,0,0,0,0,0,0,0,0,0,0,0,0,0,0,0,0,0,0,0,0,0,0,0,0,0,0,0,0,0,0,0,0,0,0,0,0,0,0,0,0,0,0,0,0,0,0,0
Greenwich PD,64416,0,0,0,0,0,0,2,1,0,0,2,3418,1,1898,0,0,0,0,0,0,1,1126,2,1100,0,0,2,1,3,1,1,0,2,0,1,0,3,3,9,7,12,69074,14,344321,0,0,9,94417,10,8309,0,0,24,5,21,7,0,0,0,0,0,0,12,130295,22,16862,11,59979,14,14054,21,158959,0,0,221,20518557,210,20893713,43,4492,48,501,58,21,2,0,0,1,0,230569,2,0,1100,1,0,12000,1,1,4,55,28,45986,0,0,0,0,0,0,0,0,0,0,0,0,0,0,0,0,0,0,0,0,0,0,0,0,0,0,0,0,0,0,0,0,0,0,0,0,0,0,0,0,0,0,0,0,0,0,0,0,0,0,0,0,0,0,0,0,0,0,0,0,0,0,0,0,0,0,0,0,0,0,0,0,0,0,0,0,0,0,0,7,7
Griswold CSP,11394,1,1,0,0,0,0,0,0,0,0,0,0,0,0,0,0,0,0,0,0,0,0,0,0,0,0,0,0,0,0,0,0,0,0,0,0,1,1,1,0,8,10290,25,41224,0,0,4,7315,6,1796,0,0,12,7,30,7,1,0,0,0,0,0,3,705,20,9102,5,507,2,980,7,25898,1,200,48,86633,51,122592,12,1173,23,260,18,5,1,0,0,0,0,48500,2,2,10010,0,0,0,0,0,0,112,77,18194,0,0,0,0,0,1,0,0,0,0,0,0,0,0,0,0,0,0,0,0,0,0,0,0,0,0,0,0,0,1,0,0,0,0,0,0,0,0,0,0,0,0,0,0,0,0,0,0,0,0,0,0,0,0,0,0,0,0,0,0,0,0,0,0,0,0,0,0,1,0,0,0,0,0,0,0,0,0,0,0,0
Groton City PD,9759,0,0,0,0,0,0,4,0,0,0,0,0,1,730,0,0,1,43,1,9,0,0,0,0,0,0,0,0,0,0,3,2,0,0,3,3,6,5,1,0,2,10300,3,1580,0,0,2,92,1,800,0,0,3,2,4,1,1,1,0,0,0,0,2,42,55,14405,4,635,7,764,42,38800,0,0,48,23841,79,74328,42,3666,37,493,14,9,2,0,0,1,0,84350,2,0,10100,1,1,50,0,0,0,161,134,28225,0,0,0,0,0,0,0,0,0,0,0,0,0,0,0,0,0,0,0,0,0,0,0,0,0,0,0,0,0,0,0,0,0,0,0,0,0,0,0,0,0,0,0,0,0,0,0,0,0,0,0,0,0,0,0,0,0,0,0,0,0,0,0,0,0,0,0,0,0,0,0,0,0,0,0,0,0,0,0,0,0
Guilford PD,22560,0,0,0,0,0,0,3,1,0,0,0,0,3,9,2,1086,0,0,1,0,0,0,1,0,0,0,3,1,0,0,4,2,0,0,1,1,0,0,13,10,10,14152,24,53696,0,0,7,3848,10,3289,0,0,22,1,18,2,11,0,0,0,1,1,52,6143,50,13966,0,0,1,600,18,21374,0,0,113,105547,69,143877,34,3085,132,669,37,5,0,0,0,2,0,0,0,0,0,0,0,0,0,0,0,8,4,44110,0,0,0,0,0,0,0,0,0,0,0,0,0,0,0,0,0,0,0,0,0,0,0,0,0,0,0,0,0,0,0,0,0,0,0,0,0,0,0,0,0,0,0,0,0,0,0,0,0,0,0,0,0,0,0,0,0,0,0,0,0,0,0,0,0,0,0,0,0,0,0,0,0,0,0,0,0,0,0,1,1
Haddam CSP,7545,0,0,0,0,0,0,1,0,0,0,0,0,0,0,0,0,1,1,0,0,0,0,0,0,1,0,0,0,0,0,0,0,0,0,1,1,1,1,0,1,6,34964,11,35220,0,0,4,16390,6,14250,0,0,15,4,12,3,0,0,0,0,0,0,1,24,8,5482,1,127,1,349,2,1000,0,0,20,188396,26,194975,3,327,4,76,8,4,0,0,0,0,0,20250,0,0,0,0,0,0,0,0,0,32,20,9002,0,0,0,0,0,0,0,0,0,0,0,0,0,0,0,0,0,0,0,0,0,0,0,0,0,0,0,0,0,0,0,0,0,0,0,0,0,0,0,0,0,0,0,0,0,0,0,0,0,0,0,0,0,0,0,0,0,0,0,0,0,0,0,0,0,0,0,0,0,0,0,0,0,0,0,0,0,0,0,0,0
Hamden PD,60000,2,2,0,0,0,0,3,2,0,0,19,2810,4,1692,0,0,6,1757,4,2250,0,0,6,6838,10,1,0,0,4,2,25,8,13,5,9,6,70,20,188,73,52,50779,84,162607,0,0,18,38905,43,71116,0,0,125,15,44,8,28,1,1,290,1,20,219,40131,252,234250,61,41628,37,11594,195,240881,0,0,326,716151,571,1250592,302,30137,219,4216,183,96,7,0,0,1,0,971760,1,1,150000,0,0,0,1,0,500,311,65,252525,0,1,0,0,0,1,0,0,0,0,0,0,0,0,0,0,0,0,0,0,0,0,0,0,0,0,0,0,0,0,0,0,0,0,0,0,0,0,0,0,0,0,0,0,0,1,0,1,0,0,0,0,0,0,0,0,0,0,0,0,0,0,0,0,0,0,0,0,1,0,0,0,0,0,0,0,0,1,0,16,0
Hampton CSP,1852,0,0,0,0,0,0,0,0,0,0,0,0,0,0,0,0,0,0,1,1000,0,0,0,0,0,0,0,0,1,0,0,0,0,0,0,0,0,0,0,0,0,0,1,6004,0,0,0,0,0,0,0,0,0,0,1,0,0,0,0,0,0,0,0,0,0,0,1,500,0,0,0,0,0,0,2,409,2,792,1,117,0,0,1,0,0,0,0,0,0,0,0,0,0,0,0,0,0,0,0,9,6,0,0,0,0,0,0,0,0,0,0,0,0,0,0,0,0,0,0,0,0,0,0,0,0,0,0,0,0,0,0,0,0,0,0,0,0,0,0,0,0,0,0,0,0,0,0,0,0,0,0,0,0,0,0,0,0,0,0,0,0,0,0,0,0,0,0,0,0,0,0,0,0,0,0,0,0,0,0,0,0,0,0
Hartford PD,128174,23,12,0,0,0,0,27,14,0,0,473,0,95,0,2,0,2,0,34,0,3,0,31,0,232,45,69,20,55,19,284,96,189,58,254,162,423,253,99,93,315,0,523,0,0,0,189,0,23,0,0,0,889,106,0,0,161,18,121,0,29,0,563,0,1131,0,614,0,65,0,774,0,9,0,161,0,1285,0,643,0,1539,0,576,743,61,1,0,58,4,0,36,5,29725,36,1,89981,16,2,200,2273,1287,0,0,18,0,0,0,3,2,0,0,0,0,0,0,0,0,0,0,0,0,0,0,0,0,0,0,0,0,0,0,0,0,0,0,0,0,0,0,0,0,0,0,0,0,0,0,5,0,0,0,0,0,0,0,0,0,0,0,0,0,0,0,0,0,0,0,2,1,15,6,0,4,0,1,0,0,2,2,8,0,99,98
Hartland CSP,2122,0,0,0,0,0,0,0,0,0,0,0,0,0,0,0,0,0,0,0,0,0,0,0,0,0,0,0,0,0,0,0,0,0,0,0,0,1,1,0,0,1,2950,2,4000,0,0,0,0,1,500,0,0,1,0,3,0,0,0,0,0,0,0,0,0,0,0,0,0,0,0,2,4040,0,0,5,12106,6,16145,0,0,1,1,0,0,0,0,0,0,0,0,0,0,0,0,0,0,0,0,0,6,4,2550,0,0,0,0,0,0,0,0,0,0,0,0,0,0,0,0,0,0,0,0,0,0,0,0,0,0,0,0,0,0,0,0,0,0,0,0,0,0,0,0,0,0,0,0,0,0,0,0,0,0,0,0,0,0,0,0,0,0,0,0,0,0,0,0,0,0,0,0,0,0,0,0,0,0,0,0,0,0,0,0,0
Harwinton CSP,5567,0,0,0,0,0,0,0,0,0,0,0,0,0,0,0,0,0,0,1,1700,0,0,0,0,0,0,0,0,0,0,1,0,0,0,0,0,0,0,1,1,1,550,9,10321,0,0,0,0,2,180,0,0,8,1,4,0,0,0,0,0,0,0,0,0,9,5093,1,1,0,0,3,2106,0,0,14,32834,17,39463,4,519,6,52,2,0,0,0,0,0,0,0,0,0,0,0,0,0,0,0,0,25,17,0,0,0,0,0,0,0,0,0,0,0,0,0,0,0,0,0,0,0,0,0,0,0,0,0,0,0,0,0,0,0,0,0,0,0,0,0,0,0,0,0,0,0,0,0,0,0,0,0,0,0,0,0,0,0,0,0,0,0,0,0,0,0,0,0,0,0,0,0,0,0,0,0,0,0,0,0,0,0,0,0,0
Hebron CSP,9076,0,0,0,0,0,0,1,0,0,0,0,0,0,0,0,0,0,0,0,0,1,6990,0,0,0,0,1,0,0,0,0,0,0,0,0,0,0,0,3,0,6,19723,7,20772,0,0,1,26,2,140,0,0,8,1,8,2,0,0,0,0,0,0,1,183,15,14841,2,305,1,300,2,30412,0,0,15,26957,24,72208,7,762,5,28,8,3,3,0,0,0,0,10100,0,0,0,0,0,0,0,0,0,36,29,13362,0,0,0,0,0,0,0,0,0,0,0,0,0,0,0,0,0,0,0,0,0,0,0,0,0,0,0,0,0,0,0,0,0,0,0,0,0,0,0,0,0,0,0,0,0,0,0,0,0,0,0,0,0,0,0,0,0,0,0,0,0,0,0,0,0,0,0,0,0,0,0,0,0,0,0,0,0,0,0,0,0
Kent CSP,3013,0,0,0,0,0,0,0,0,0,0,0,0,1,400,0,0,0,0,0,0,0,0,0,0,1,0,0,0,0,0,0,0,0,0,0,0,1,1,0,0,3,1900,5,29912,0,0,0,0,1,1200,0,0,5,2,4,3,0,0,0,0,0,0,1,7,8,2257,0,0,0,0,3,619,0,0,15,25478,12,27554,9,792,6,15,1,1,0,0,0,0,0,20000,0,0,0,0,0,0,0,0,0,18,10,0,0,0,0,0,0,0,0,0,0,0,0,0,0,0,0,0,0,0,0,0,0,0,0,0,0,0,0,0,0,0,0,0,0,0,0,0,0,0,0,0,0,0,0,0,0,0,0,0,0,0,0,0,0,0,0,0,0,0,0,0,0,0,0,0,0,0,0,0,0,0,0,0,0,0,0,0,0,0,0,0,0
Killingly CSP,17365,0,0,0,0,0,0,6,0,0,0,0,0,0,0,0,0,0,0,1,1,0,0,1,1,1,1,0,0,0,0,1,0,1,1,1,0,2,2,5,4,11,75219,28,85784,0,0,3,2780,15,54407,0,0,35,3,22,10,0,0,0,0,0,0,22,3516,15,7937,6,13551,1,600,9,34043,0,0,74,68954,66,125564,25,2730,36,307,58,5,0,2,0,1,1,46002,0,0,0,0,0,0,1,1,1,222,165,44954,0,0,0,0,0,0,0,0,0,0,0,0,0,0,0,0,0,0,0,0,0,0,0,0,0,0,0,0,0,0,0,0,0,0,0,0,0,0,0,0,0,0,0,0,0,0,0,0,0,0,0,0,0,0,0,0,0,0,0,0,0,0,0,0,0,0,0,0,0,0,0,0,0,0,0,0,0,0,0,0,0
Killingworth CSP,6345,0,0,0,0,0,0,0,0,0,0,0,0,0,0,0,0,0,0,0,0,1,62573,0,0,1,1,0,0,0,0,0,0,0,0,1,1,0,0,0,0,2,6430,9,27894,0,0,0,0,1,1490,0,0,9,1,3,3,0,0,0,0,0,0,0,0,3,311,0,0,0,0,1,300,0,0,9,12249,11,12760,1,100,1,0,3,1,1,0,0,0,0,15000,0,0,0,0,0,0,0,0,0,24,16,2300,0,0,0,0,0,0,0,0,0,0,0,0,0,0,0,0,0,0,0,0,0,0,0,0,0,0,0,0,0,0,0,0,0,0,0,0,0,0,0,0,0,0,0,0,0,0,0,0,0,0,0,0,0,0,0,0,0,0,0,0,0,0,0,0,0,0,0,0,0,0,0,0,0,0,0,0,0,0,0,0,0
Lebanon CSP,7283,0,0,0,0,0,0,1,1,0,0,0,0,0,0,0,0,0,0,0,0,0,0,0,0,0,0,0,0,0,0,0,0,1,1,0,0,1,1,1,0,2,578,13,183861,0,0,1,1357,2,6586,0,0,6,3,11,1,1,0,0,0,0,0,0,0,2,551,1,25,0,0,4,6066,0,0,12,10803,16,17399,0,0,3,46,4,1,0,0,0,0,0,2500,1,0,5000,0,0,0,0,0,0,28,16,2520,0,0,0,0,0,0,0,0,0,0,0,0,0,0,0,0,0,0,0,0,0,0,0,0,0,0,0,0,0,0,0,0,0,0,0,0,0,0,0,0,0,0,0,0,0,0,0,0,0,0,0,0,0,0,0,0,0,0,0,0,0,0,0,0,0,0,0,0,0,0,0,0,0,0,0,0,0,0,0,0,0
Ledyard CSP,15484,0,0,0,0,0,0,2,1,0,0,1,500,0,0,0,0,0,0,0,0,0,0,0,0,0,0,0,0,0,0,1,0,0,0,0,0,3,2,1,1,7,8899,11,27357,0,0,4,10517,5,27638,0,0,11,0,14,1,2,0,0,0,0,0,3,215,12,9033,2,600,0,0,3,9540,0,0,61,76775,42,93668,21,2388,18,107,20,14,2,0,0,0,0,135700,0,0,0,0,0,0,1,1,1,127,100,31346,0,0,0,0,0,0,0,0,0,0,0,0,0,0,0,0,0,0,0,0,0,0,0,0,0,0,0,0,0,0,0,0,0,0,0,0,0,0,0,0,0,0,0,0,0,0,0,0,0,0,0,0,0,0,0,0,0,0,0,0,0,0,0,0,0,0,0,0,0,0,0,0,0,0,0,0,0,0,0,0,0
Lisbon CSP,4290,0,0,0,0,0,0,0,0,0,0,1,220,1,33,0,0,0,0,0,0,0,0,0,0,0,0,0,0,1,1,1,1,1,1,0,0,0,0,2,2,5,9597,17,35784,0,0,1,600,3,840,0,0,12,4,13,0,1,0,0,0,0,0,55,16505,17,9937,4,8220,0,0,3,1344,0,0,29,11436,48,42907,36,4016,24,519,62,2,1,0,0,0,0,6001,0,0,0,0,0,0,1,1,5000,35,26,9857,0,0,0,0,0,0,0,0,0,0,0,0,0,0,0,0,0,0,0,0,0,0,0,0,0,0,0,0,0,0,0,0,0,0,0,0,0,0,0,0,0,0,0,0,0,0,0,0,0,0,0,0,0,0,0,0,0,0,0,0,0,0,0,0,0,0,0,0,0,0,0,0,0,0,0,0,0,0,0,0,0
Litchfield CSP,8767,0,0,0,0,0,0,1,0,0,0,0,0,0,0,0,0,0,0,0,0,0,0,0,0,0,0,0,0,0,0,0,0,0,0,2,2,0,0,0,0,3,1298,9,1345353,0,0,0,0,1,50,0,0,4,3,8,2,1,0,0,0,0,0,5,316,12,8081,3,1300,1,2000,6,5612,0,0,41,54602,51,70863,8,903,9,145,19,7,5,0,0,0,0,67228,0,0,0,0,0,0,0,0,0,56,42,46615,0,0,0,0,0,0,0,0,0,0,0,0,0,0,0,0,0,0,0,0,0,0,0,0,0,0,0,0,0,0,0,0,0,0,0,0,0,0,0,0,0,0,0,0,0,0,0,0,0,0,0,0,0,0,0,0,0,0,0,0,0,0,0,0,0,0,0,0,0,0,0,0,0,0,0,0,0,0,0,0,0
Lyme CSP,2126,0,0,0,0,0,0,0,0,0,0,0,0,0,0,0,0,0,0,0,0,0,0,0,0,0,0,0,0,0,1,0,0,0,0,0,0,0,0,0,0,5,191220,5,192970,0,0,0,0,1,340,0,0,6,2,5,3,0,0,0,0,0,0,0,0,5,12550,0,0,0,0,0,0,0,0,3,17251,8,29801,0,0,0,0,0,0,0,0,0,0,0,0,0,0,0,0,0,0,0,0,0,6,5,110650,0,0,0,0,0,0,0,0,0,0,0,0,0,0,0,0,0,0,0,0,0,0,0,0,0,0,0,0,0,0,0,0,0,0,0,0,0,0,0,0,0,0,0,0,0,0,0,0,0,0,0,0,0,0,0,0,0,0,0,0,0,0,0,0,0,0,0,0,0,0,0,0,0,0,0,0,0,0,0,0,0
Madison PD,18827,0,0,0,0,0,0,0,0,0,0,0,0,0,0,0,0,0,0,0,0,0,0,1,378,0,0,0,0,1,0,0,0,0,0,0,0,0,1,1,1,7,3763,11,22742,0,0,1,700,7,4901,0,0,9,2,11,2,6,1,0,0,0,0,9,1104,23,9439,2,61,1,50,32,208713,0,0,21,268048,47,485933,12,1306,29,176,13,1,0,0,0,1,0,30001,0,0,0,1,0,250,0,0,0,21,8,37452,0,0,0,0,0,0,0,0,0,0,0,0,0,0,0,0,0,0,0,0,0,0,0,0,0,0,0,0,0,0,0,0,0,0,0,0,0,0,0,0,0,0,0,0,0,0,0,0,0,0,0,0,0,0,0,0,0,0,0,0,0,0,0,0,0,0,0,0,0,0,0,0,0,0,0,0,0,0,0,0,0
Manchester PD,57711,1,1,0,0,0,0,12,10,0,0,5,973,21,20207,0,0,0,0,3,560,6,20,11,3862,8,6,5,1,1,4,32,13,3,3,24,26,11,11,14,12,71,132810,125,205946,0,0,20,4699,72,115230,0,0,113,20,173,39,2,0,5,1404,2,796,491,142133,210,189583,74,71979,59,18527,197,110523,1,0,378,380024,605,866458,409,43615,403,4896,473,79,7,0,0,13,2,507527,6,2,3,0,0,0,1,0,0,518,379,537302,0,1,0,0,0,0,0,0,0,0,0,0,0,0,0,0,0,0,0,0,0,0,0,0,0,0,0,0,0,0,0,0,0,0,0,0,0,0,0,0,0,0,0,0,0,0,1,0,0,0,0,0,0,0,0,0,0,0,0,0,0,0,0,0,0,0,0,0,1,0,0,0,0,0,0,0,0,0,0,14,14
Mansfield CSP,21847,0,0,0,0,0,0,2,1,1,0,0,0,3,173,0,0,0,0,2,12,0,0,0,0,2,2,0,0,0,0,3,1,0,0,1,1,1,0,6,6,20,49461,46,107480,0,0,2,1251,5,20610,0,0,39,8,32,8,2,0,0,0,0,0,82,15706,14,5140,8,1232,1,500,7,2125,0,0,81,41983,75,57605,75,8225,43,856,116,12,4,0,0,1,1,46300,0,0,0,0,0,0,0,0,0,78,61,53340,0,0,0,0,0,0,0,0,0,0,0,0,0,0,0,0,0,0,0,0,0,0,0,0,0,0,0,0,0,0,0,0,0,0,0,0,0,0,0,0,0,0,0,0,0,0,0,0,0,0,0,0,0,0,0,0,0,0,0,0,0,0,0,0,0,0,0,0,0,0,0,0,0,0,0,0,0,0,0,0,0
Marlborough CSP,6019,1,0,0,0,0,0,0,0,0,0,0,0,0,0,0,0,0,0,0,0,0,0,0,0,0,0,0,0,0,0,0,0,0,0,1,1,0,0,0,0,2,7050,7,9795,0,0,0,0,2,229,0,0,0,1,11,5,0,0,0,0,0,0,1,200,4,1327,0,0,0,0,2,4470,0,0,12,24280,17,30257,0,0,2,20,4,1,0,0,0,1,0,4810,0,0,0,0,0,0,0,0,0,14,8,6680,0,0,0,0,0,0,0,1,0,0,0,0,0,0,0,0,0,0,0,0,0,0,0,0,0,0,0,0,0,0,0,0,0,0,0,0,0,0,0,0,0,0,0,0,0,0,0,0,0,0,0,0,0,0,0,0,0,0,0,0,0,0,0,0,0,0,0,1,0,0,0,0,0,0,0,0,1,0,0,0,0
Meriden PD,61403,5,1,150,0,0,0,22,2,3,3,27,5088,4,1577,9,3645,5,3072,9,2083,1,0,21,6863,30,6,10,2,7,1,29,15,16,7,34,20,39,30,27,20,123,129227,192,273206,39,46249,21,4685,43,126482,3,1139,227,35,149,20,45,3,1,20,1,967,251,80398,286,94233,203,49178,43,15969,83,42288,0,0,355,242900,535,481563,359,39189,329,5201,279,120,10,11,0,37,1,896415,5,0,136050,2,0,4100,2,0,35,866,775,636385,0,5,0,0,0,0,0,0,0,0,0,0,0,0,0,0,0,0,0,0,0,0,0,0,0,0,0,0,0,0,0,0,0,0,0,0,0,0,0,0,0,0,0,0,0,0,1,1,0,0,0,0,0,0,0,0,0,0,0,0,0,0,0,0,0,1,0,2,0,0,0,0,0,1,0,1,3,0,0,21,21
Middlebury PD,6801,0,0,0,0,0,0,2,1,0,0,0,0,1,425,0,0,0,0,0,0,0,0,0,0,1,0,0,0,0,0,0,0,0,0,0,0,0,0,1,1,2,0,6,10865,7,21910,1,12294,2,300,2,4182,10,4,7,0,3,1,0,0,0,0,1,3,15,6108,2,5350,0,0,14,17903,0,0,13,22832,27,50753,9,1105,9,338,5,4,0,0,0,1,1,43358,0,0,0,0,0,0,0,0,0,11,4,43642,0,0,0,0,0,0,0,0,0,0,0,0,0,0,0,0,0,0,0,0,0,0,0,0,0,0,0,0,0,0,0,0,0,0,0,0,0,0,0,0,0,0,0,0,0,0,0,0,0,0,0,0,0,0,0,0,0,0,0,0,0,0,0,0,0,0,0,0,0,0,0,0,0,0,0,0,0,0,0,0,0
Middlefield CSP,4431,0,0,0,0,0,0,0,0,0,0,0,0,0,0,0,0,0,0,0,0,0,0,0,0,0,0,0,0,0,0,0,0,0,0,0,0,0,0,0,0,2,4805,3,6918,0,0,0,0,5,7214,0,0,3,0,7,0,0,0,0,0,0,0,0,0,1,24,0,0,0,0,4,21400,0,0,6,5015,8,26390,0,0,3,49,0,0,0,0,0,0,0,0,0,0,0,1,0,135000,0,0,0,9,8,5,0,0,0,0,0,0,0,0,0,0,0,0,0,0,0,0,0,0,0,0,0,0,0,0,0,0,0,0,0,0,0,0,0,0,0,0,0,0,0,0,0,0,0,0,0,0,0,0,0,0,0,0,0,0,0,0,0,0,0,0,0,0,0,0,0,0,0,0,0,0,0,0,0,0,0,0,0,0,0,0,0
Middletown PD,45508,1,0,0,0,0,0,1,1,0,0,5,2165,3,21,2,2042,5,1802,4,5331,1,7000,5,917,10,5,1,0,5,1,9,4,4,2,10,7,10,6,21,14,44,55761,77,126823,0,0,13,6351,22,15153,0,0,83,4,63,13,10,2,10,2140,4,174,81,17936,160,42367,19,27716,23,10974,186,145696,2,2,176,165317,287,396448,122,13895,252,1979,127,69,7,0,0,14,0,396110,1,0,1,0,0,0,2,2,51,708,501,139858,0,0,0,0,0,0,0,0,0,0,0,0,0,0,1,0,0,0,0,0,0,0,0,0,0,0,0,0,0,0,0,0,0,0,0,0,0,0,0,0,0,0,0,0,0,0,0,0,0,0,0,0,0,0,0,0,0,0,0,0,0,0,0,0,0,0,1,0,0,0,0,0,0,0,0,0,0,1,0,27,27
Milford PD,55145,0,1,0,0,0,0,1,0,1,1,7,696,0,0,3,3700,2,547,0,0,1,1891,20,7039,7,3,13,5,1,1,12,3,2,2,5,3,3,3,1,0,18,73219,56,104046,8,4964,27,2668,36,86473,5,3590,92,19,35,6,23,1,0,0,0,0,405,74338,271,213231,39,28407,26,13912,72,139478,79,35004,479,490358,555,941584,433,48180,383,4964,465,32,2,2,0,31,1,671718,4,2,402,0,0,0,0,0,0,169,150,396422,0,0,0,0,0,0,0,0,0,0,0,0,0,0,0,0,0,0,0,0,0,0,0,0,0,0,0,0,0,0,0,0,0,0,0,0,0,0,0,0,0,0,0,0,0,0,0,0,0,0,0,0,0,0,0,0,0,0,0,0,0,0,0,0,0,0,0,0,0,0,0,0,0,0,0,0,0,0,0,9,3
Monroe PD,20289,0,0,0,0,0,0,1,0,0,0,0,0,1,0,0,0,0,0,0,0,0,0,0,0,1,0,0,0,0,0,0,0,0,0,0,0,1,0,0,0,11,10194,21,416773,0,0,3,17713,6,95179,0,0,27,10,8,1,6,1,0,0,0,0,0,0,24,8196,8,2058,0,0,13,7140,0,0,70,139512,59,154018,23,2614,33,274,17,3,0,0,0,0,0,12217,0,0,0,0,0,0,0,0,0,23,13,18351,0,0,0,0,0,0,0,0,0,0,0,0,0,0,0,0,0,0,0,0,0,0,0,0,0,0,0,0,0,0,0,0,0,0,0,0,0,0,0,0,0,0,0,0,0,0,0,0,0,0,0,0,0,0,0,0,0,0,0,0,0,0,0,0,0,0,0,0,0,0,0,0,0,0,0,0,0,0,0,1,0
Montville CSP,19551,0,0,0,0,0,0,3,2,0,0,0,0,2,3145,0,0,0,0,1,270,0,0,2,673,0,0,1,0,1,0,3,1,1,0,6,5,1,1,1,1,17,310820,44,73803,0,0,6,10120,10,16225,0,0,39,6,37,8,1,1,0,0,0,0,5,1083,9,3971,4,1775,0,0,14,194790,0,0,102,117797,89,317355,19,1834,26,227,39,10,2,5,0,0,0,41170,1,0,1,0,0,0,2,0,11,183,138,59278,0,0,0,0,0,0,0,0,0,0,0,0,0,0,0,0,0,0,0,0,0,0,0,0,0,0,0,0,0,0,0,0,0,0,0,0,0,0,0,0,0,0,0,0,0,0,0,0,0,0,0,0,0,0,0,0,0,0,0,0,0,0,0,0,0,0,0,0,0,0,0,0,0,0,0,0,0,0,0,0,0
Morris CSP,2427,0,0,0,0,0,0,0,0,0,0,0,0,0,0,0,0,0,0,0,0,0,0,0,0,0,0,0,0,0,0,0,0,0,0,0,0,0,0,1,1,0,0,4,481,0,0,0,0,0,0,0,0,3,2,1,2,0,0,0,0,0,0,0,0,2,103170,1,4720,0,0,2,331,0,0,6,9943,9,118031,1,110,1,23,3,0,0,1,0,0,0,500,0,0,0,0,0,0,0,0,0,14,9,1301,0,0,0,0,0,0,0,0,0,0,0,0,0,0,0,0,0,0,0,0,0,0,0,0,0,0,0,0,0,0,0,0,0,0,0,0,0,0,0,0,0,0,0,0,0,0,0,0,0,0,0,0,0,0,0,0,0,0,0,0,0,0,0,0,0,0,0,0,0,0,0,0,0,0,0,0,0,0,0,0,0
Naugatuck PD,32670,0,0,0,0,0,0,7,1,0,0,4,1297,2,1350,0,0,1,1,0,0,1,2800,3,552,4,1,2,0,1,0,4,3,2,2,8,7,0,0,2,2,4,1501,8,61900,71,204927,2,4400,1,12000,6,989,51,15,32,6,9,0,0,0,0,0,96,13411,132,56741,48,6802,11,2086,41,63716,0,0,170,481660,197,610538,117,12563,184,1315,122,40,11,1,0,1,1,137554,2,2,1001,0,0,0,0,0,0,181,136,57510,0,0,0,0,0,0,0,0,0,0,0,0,0,0,0,0,0,0,0,0,0,0,0,0,0,0,0,0,0,0,0,0,0,0,0,0,0,0,0,0,0,0,0,0,0,0,0,0,0,0,0,0,0,0,0,0,0,0,0,0,0,0,0,0,0,0,0,0,0,0,0,0,0,0,0,0,0,0,0,1,1
New Britain PD,75419,3,2,0,0,0,0,5,3,0,0,113,68654,10,4229,6,1930,14,9408,18,10549,4,19302,14,17542,56,10,22,5,6,4,95,24,7,5,27,22,37,26,59,38,81,69018,301,407627,309,419852,41,15489,6,479,37,110803,434,28,240,24,101,9,0,0,5,1077,261,31467,541,246344,333,114366,39,8042,325,217511,5,108,240,143451,659,695416,392,47974,698,18976,211,311,22,16,2,66,6,1335566,0,0,0,0,0,0,0,0,0,708,491,1091667,0,2,0,0,0,0,0,0,0,0,0,0,0,0,0,1,0,0,0,0,0,0,0,0,0,0,0,0,0,0,0,0,0,0,0,0,0,0,0,0,0,0,0,0,0,0,0,0,0,0,0,0,0,0,0,0,0,0,0,0,0,0,0,0,0,0,0,3,0,0,0,0,0,0,0,0,3,0,0,40,38
New Canaan PD,20448,1,0,0,0,0,0,0,0,0,0,0,0,0,0,0,0,0,0,1,1600,0,0,1,25,1,0,0,0,1,0,0,0,0,0,0,0,0,0,3,0,6,169734,7,48745,0,0,0,0,1,150,0,0,9,0,4,1,1,0,3,710,1,39,10,36788,23,25842,0,0,4,3120,22,51271,0,0,51,179325,78,294911,21,2047,15,137,17,2,0,0,0,0,0,16085,0,0,0,0,0,0,0,0,0,31,17,8677,0,1,0,0,0,0,0,0,0,0,0,0,0,0,0,0,1,0,0,0,0,0,0,0,0,0,0,0,0,0,0,0,0,0,0,0,0,0,0,0,0,0,0,0,0,0,0,0,0,0,0,0,0,0,0,0,0,0,0,0,0,0,0,0,0,0,0,0,0,0,0,0,0,0,0,0,0,1,0,0,0
New Fairfield CSP,14711,1,1,0,0,0,0,1,0,0,0,0,0,0,0,0,0,0,0,1,1700,0,0,0,0,0,0,1,1,0,0,0,0,0,0,0,0,0,0,1,1,5,17880,5,14794,0,0,0,0,0,0,0,0,2,0,6,5,2,0,0,0,0,0,1,175,6,1263,0,0,0,0,1,1,0,0,11,10834,12,11840,3,425,4,8,10,0,0,1,0,0,0,1,0,0,0,0,0,0,0,0,0,57,46,8466,1,0,0,0,0,0,0,0,0,0,0,0,0,0,0,0,1,0,0,0,0,0,0,0,0,0,0,0,0,0,0,0,0,0,0,0,0,0,0,0,0,0,0,0,0,0,0,0,0,0,0,0,0,0,0,0,0,0,0,0,0,0,0,0,0,0,0,0,1,0,0,0,0,0,0,0,0,0,0,0,0
New Hartford CSP,6418,0,0,0,0,0,0,0,0,0,0,0,0,0,0,0,0,0,0,0,0,0,0,0,0,0,0,0,0,0,0,0,0,0,0,0,0,2,2,0,0,0,0,10,33993,0,0,3,790,3,10300,0,0,9,4,7,2,0,0,0,0,0,0,0,0,12,3651,0,0,1,650,4,5605,0,0,23,71303,27,80197,8,988,5,24,10,1,1,0,0,2,0,17700,0,0,0,0,0,0,0,0,0,41,28,644,0,0,0,0,0,0,0,0,0,0,0,0,0,0,0,0,0,0,0,0,0,0,0,0,0,0,0,0,0,0,0,0,0,0,0,0,0,0,0,0,0,0,0,0,0,0,0,0,0,0,0,0,0,0,0,0,0,0,0,0,0,0,0,0,0,0,0,0,0,0,0,0,0,0,0,0,0,0,0,0,0
New Haven PD,130333,17,21,610,0,0,570,55,12,3,1,657,386643,60,34325,12,4346,30,9580,60,46367,7,28141,18,31854,332,49,58,18,43,6,411,90,204,82,228,159,416,298,108,70,469,965106,725,1114882,0,0,126,241210,144,264317,0,0,1053,114,254,20,157,17,41,9021,10,3563,729,95410,1070,604117,511,106785,246,88121,1215,869861,0,0,618,383546,2006,2005748,1256,133798,1178,20878,696,654,29,1,0,66,7,3255364,3,2,120020,2,0,1200,8,7,6601,4685,3117,3156454,14,2,0,0,0,1,0,0,0,0,0,0,0,0,0,0,0,0,0,0,0,0,0,0,0,0,0,0,0,1,0,0,0,0,0,0,0,0,0,0,0,0,0,0,0,2,0,0,0,0,0,0,0,0,0,0,0,0,0,2,0,0,0,0,0,0,1,11,4,0,0,0,0,0,0,1,1,11,0,97,85
Newington PD,30897,1,1,0,0,0,0,8,1,0,0,0,0,6,15601,0,0,6,6237,0,0,0,0,2,0,3,1,0,0,0,0,11,6,0,0,1,0,2,3,2,2,7,24057,47,38352,0,0,8,12125,37,60327,0,0,37,11,59,16,3,2,0,0,2,55,198,34213,112,43451,39,19019,13,4240,88,228712,3,1410,181,172731,305,477181,219,24890,112,1760,206,41,4,1,0,7,0,312740,1,0,10000,2,0,10400,1,0,50,90,76,334751,0,1,0,0,0,0,0,0,0,0,0,0,0,0,0,0,0,0,0,0,0,0,0,0,0,0,0,0,0,0,0,0,0,0,0,0,0,0,0,0,0,0,0,0,0,0,0,1,0,0,0,0,0,0,0,0,0,0,0,0,0,0,0,0,0,0,0,0,0,0,0,0,0,0,0,0,0,1,0,4,4
New London PD,27064,3,3,0,0,0,0,10,1,0,0,19,3033,8,5759,1,0,5,371,9,2453,0,0,3,95,8,1,8,2,7,3,22,11,16,12,63,46,155,125,74,59,47,41343,87,153956,0,0,18,2719,31,18893,0,0,99,16,68,9,16,2,8,2117,0,0,92,26334,83,64225,85,35334,18,9337,144,76668,0,0,85,288698,222,487656,121,13076,172,1981,91,48,5,0,0,18,1,242903,4,3,10,0,0,0,6,4,12,608,438,187411,0,0,0,0,0,1,2,0,0,0,0,0,0,0,0,0,0,0,0,0,0,0,0,0,0,0,0,0,0,0,0,0,0,0,0,0,0,0,0,0,0,0,0,0,0,0,0,0,0,0,0,0,0,0,0,0,0,0,0,0,0,0,1,1,0,0,0,1,2,0,0,0,0,0,0,0,0,1,0,47,41
New Milford PD,28592,0,0,0,0,0,0,9,1,0,0,0,0,1,276,0,0,0,0,0,0,0,0,0,0,0,0,1,1,0,0,0,0,1,0,2,0,2,2,6,5,0,0,2,2501,0,0,1,0,1,679,0,0,1,2,3,1,0,0,0,0,1,0,40,5288,82,68261,11,5012,4,250,101,198684,0,0,141,284217,224,552990,83,7774,73,948,88,18,5,3,0,3,0,214625,0,0,0,1,1,2410,0,0,0,289,233,99756,0,0,0,0,0,0,0,0,0,0,0,0,0,0,0,0,0,0,0,0,0,0,0,0,0,0,0,0,0,0,0,0,0,0,0,0,0,0,0,0,0,0,0,0,0,0,0,0,0,0,0,0,0,0,0,0,0,0,0,0,0,0,0,0,0,0,0,0,0,0,0,0,0,0,0,0,0,0,0,0,0
Newtown PD,26389,0,1,0,0,0,0,5,1,0,0,0,0,0,0,0,0,0,0,0,0,0,0,0,0,0,0,0,0,0,0,0,0,0,0,0,0,1,1,1,0,4,30521,13,63333,0,0,12,8757,3,3153,0,0,19,3,13,1,0,0,0,0,0,0,11,1902,23,16662,1,1,0,0,49,150706,0,0,71,74464,93,240390,27,2848,35,497,27,1,0,0,0,1,0,8501,0,0,0,0,0,0,1,0,3000,110,65,8004,0,0,0,0,0,0,0,0,0,0,0,0,0,0,0,0,0,0,0,0,0,0,0,0,0,0,0,0,0,0,0,0,0,0,0,0,0,0,0,0,0,0,0,0,0,0,0,0,0,0,0,0,0,0,0,0,0,0,0,0,0,0,0,0,0,0,0,0,0,0,0,0,0,0,0,0,0,0,0,1,1
Norfolk CSP,1749,0,0,0,0,0,0,1,0,0,0,0,0,0,0,0,0,0,0,0,0,0,0,0,0,0,0,0,0,0,0,0,0,1,1,0,0,0,0,0,0,1,2228,2,130,0,0,1,1200,1,20,0,0,4,2,1,1,0,0,0,0,0,0,0,0,1,3,0,0,0,0,1,265,0,0,4,6020,5,6285,0,0,1,3,0,0,0,0,0,0,0,0,0,0,0,0,0,0,0,0,0,15,8,169,0,0,0,0,0,0,0,0,0,0,0,0,0,0,0,0,0,0,0,0,0,0,0,0,0,0,0,0,0,0,0,0,0,0,0,0,0,0,0,0,0,0,0,0,0,0,0,0,0,0,0,0,0,0,0,0,0,0,0,0,0,0,0,0,0,0,0,0,0,0,0,0,0,0,0,0,0,0,0,0,0
North Branford PD,14662,1,0,0,0,0,0,1,0,0,0,0,0,0,0,0,0,1,1,0,0,0,0,0,0,0,0,0,0,0,0,1,0,0,0,0,0,1,0,1,1,9,38043,21,29322,0,0,2,9610,2,2770,0,0,21,5,13,4,0,0,0,0,0,0,19,3983,31,19499,7,5863,5,950,21,476419,1,1200,77,94329,83,597736,37,4274,41,233,24,6,3,0,0,1,0,34502,0,0,0,0,0,0,0,0,0,45,32,4675,0,1,0,0,0,0,0,0,0,0,0,0,0,0,0,0,1,0,0,0,0,0,0,0,0,0,0,0,0,0,0,0,0,0,0,0,0,0,0,0,0,0,0,0,0,0,0,0,0,0,0,0,0,0,0,0,0,0,0,0,0,0,0,0,0,0,0,0,0,0,0,0,0,0,0,0,1,0,0,1,0
North Canaan CSP,3533,0,0,0,0,0,0,2,0,0,0,0,0,0,0,0,0,0,0,0,0,0,0,0,0,0,0,0,0,0,0,0,0,0,0,0,0,0,0,2,2,1,100,3,2477,0,0,0,0,4,1188,0,0,4,3,3,0,1,0,0,0,0,0,3,309,6,4270,2,1050,2,629,6,51242,0,0,10,23545,19,80577,3,379,7,89,14,0,0,0,0,0,0,0,0,0,0,0,0,0,0,0,0,28,23,6000,0,0,0,0,0,0,0,0,0,0,0,0,0,0,0,0,0,0,0,0,0,0,0,0,0,0,0,0,0,0,0,0,0,0,0,0,0,0,0,0,0,0,0,0,0,0,0,0,0,0,0,0,0,0,0,0,0,0,0,0,0,0,0,0,0,0,0,0,0,0,0,0,0,0,0,0,0,0,0,0,0
North Haven PD,24284,0,0,0,0,0,0,0,0,0,0,3,582,5,1153,1,900,0,0,0,0,2,2734,0,0,5,2,2,1,2,2,2,1,0,0,0,0,0,0,1,0,13,8053,21,63239,0,0,9,3014,20,44588,0,0,32,6,20,5,11,0,0,0,0,0,62,26992,120,82438,29,19088,3,2100,78,130554,1,194,185,332516,261,581520,100,11215,117,1147,74,25,4,0,0,12,1,181420,0,0,0,0,0,0,0,0,0,50,12,31038,0,0,0,0,0,0,0,0,0,0,0,0,0,0,0,0,0,0,0,0,0,0,0,0,0,0,0,0,0,0,0,0,0,0,0,0,0,0,0,0,0,0,0,0,0,0,0,0,0,0,0,0,0,0,0,0,0,0,0,0,0,0,0,0,0,0,0,0,0,0,0,0,0,0,0,0,0,0,0,1,0
North Stonington CSP,5263,0,0,0,0,0,0,0,0,0,0,1,150,0,0,0,0,0,0,0,0,0,0,0,0,0,0,1,0,0,0,0,0,0,0,0,0,1,0,2,2,5,15188,14,63902,0,0,2,350,6,5625,0,0,10,5,16,4,1,0,0,0,0,0,0,0,6,2960,1,150,0,0,2,750,0,0,28,96938,29,100136,6,642,2,20,8,5,1,0,0,0,0,90060,0,0,0,0,0,0,0,0,0,26,17,91190,0,0,0,0,0,0,0,0,0,0,0,0,0,0,0,0,0,0,0,0,0,0,0,0,0,0,0,0,0,0,0,0,0,0,0,0,0,0,0,0,0,0,0,0,0,0,0,0,0,0,0,0,0,0,0,0,0,0,0,0,0,0,0,0,0,0,0,0,0,0,0,0,0,0,0,0,0,0,0,0,0
Norwalk PD,87451,3,2,0,0,0,60,8,7,1,0,50,10113,3,250,3,3157,1,40,4,2501,0,0,7,8867,22,3,7,1,4,0,35,5,22,5,49,38,82,64,39,30,66,100744,115,300961,0,0,13,44838,56,73512,0,0,135,18,77,6,38,4,15,769,1,0,253,299170,437,276273,98,15992,24,7058,406,602554,1,108,119,58549,489,1237452,177,19339,688,3682,216,88,11,0,0,23,0,559716,0,0,0,0,0,0,4,4,4,868,702,203033,0,3,0,0,0,0,0,0,0,0,0,0,0,0,0,0,0,0,0,0,0,0,0,0,0,0,0,0,0,0,0,0,0,0,0,0,0,0,0,0,0,0,0,0,0,2,0,0,0,0,0,0,0,0,0,0,0,0,0,0,0,0,0,0,0,1,0,0,1,0,0,0,1,0,0,0,0,1,0,19,19
Norwich PD,38078,1,3,0,0,0,0,17,7,1,1,11,600,0,0,2,150,2,340,6,300,1,0,13,825,8,4,7,1,3,3,17,19,2,1,17,11,16,14,10,11,47,22850,110,7013,66,1977,9,4930,28,2331,14,0,105,19,159,37,10,0,0,0,0,0,163,20356,142,30783,59,7955,17,2628,134,161784,6,1071,118,138850,212,341887,172,18682,255,2858,222,39,11,0,0,11,2,365164,8,0,979000,0,0,0,7,1,13525,746,669,284160,0,1,0,0,0,0,0,0,0,0,0,0,0,0,0,0,0,0,0,0,0,0,0,0,0,0,0,0,0,0,0,0,0,0,0,0,0,0,0,0,0,0,0,0,0,0,0,0,0,0,0,0,0,0,0,0,0,0,0,0,0,0,0,0,1,0,0,0,0,0,0,0,0,0,0,0,1,0,0,23,20
Old Lyme CSP,7808,0,0,0,0,0,0,0,0,0,0,0,0,0,0,0,0,0,0,0,0,0,0,0,0,0,0,0,0,0,0,0,0,0,0,0,0,0,0,0,0,2,8475,12,54506,0,0,0,0,1,450,0,0,5,1,9,3,1,0,0,0,0,0,1,8,4,2429,2,1111,0,0,1,1770,0,0,22,126585,22,131500,3,372,5,31,4,0,0,0,0,0,0,0,0,0,0,0,0,0,0,0,0,19,10,43916,0,0,0,0,0,0,0,0,0,0,0,0,0,0,0,0,0,0,0,0,0,0,0,0,0,0,0,0,0,0,0,0,0,0,0,0,0,0,0,0,0,0,0,0,0,0,0,0,0,0,0,0,0,0,0,0,0,0,0,0,0,0,0,0,0,0,0,0,0,0,0,0,0,0,0,0,0,0,0,0,0
Old Saybrook PD,10929,0,0,0,0,0,0,0,1,0,0,0,0,0,0,0,0,0,0,0,0,0,0,0,0,0,0,0,0,0,0,0,0,0,0,2,2,0,0,7,6,3,650,1,2500,0,0,1,4670,3,820,0,0,2,1,6,3,0,0,0,0,5,580,33,9342,19,14398,1,1500,4,1100,7,5332,0,0,87,85422,77,111610,54,5513,25,551,51,3,0,0,0,0,0,9000,0,0,0,0,0,0,0,0,0,36,36,15773,0,0,0,0,0,0,0,0,0,0,0,0,0,0,0,0,0,0,0,0,0,0,0,0,0,0,0,0,0,0,0,0,0,0,0,0,0,0,0,0,0,0,0,0,0,0,0,0,0,0,0,0,0,0,0,0,0,0,0,0,0,0,0,0,0,0,0,0,0,0,0,0,0,0,0,0,0,0,0,4,0
Orange PD,13952,0,0,0,0,0,0,2,0,0,0,0,0,1,111,1,550,0,0,1,50,1,890,1,100,1,1,0,0,2,1,2,0,0,0,0,0,0,0,0,0,4,40002,15,154574,1,9925,5,3297,8,7666,0,0,25,2,5,1,3,2,1,185,0,0,135,51066,69,58986,4,870,1,65,73,108036,0,0,49,154090,180,362069,92,10190,60,1039,98,7,3,0,0,4,0,104005,4,1,53,0,0,0,1,0,1,20,16,51192,0,0,0,0,0,0,0,0,0,0,0,0,0,0,0,0,0,0,0,0,0,0,0,0,0,0,0,0,0,0,0,0,0,0,0,0,0,0,0,0,0,0,0,0,0,0,0,0,0,0,0,0,0,0,0,0,0,0,0,0,0,0,0,0,0,0,0,0,0,0,0,0,0,0,0,0,0,0,0,1,1
Oxford CSP,10354,0,0,0,0,0,0,0,0,0,0,0,0,0,0,0,0,0,0,1,550,0,0,0,0,0,0,0,0,0,1,1,1,0,0,0,0,3,3,1,1,1,2100,14,41837,0,0,0,0,3,3483,0,0,10,1,6,2,2,0,0,0,0,0,0,0,9,3255,4,3700,0,0,4,4813,0,0,36,137910,35,148888,8,725,10,65,7,4,0,0,0,0,0,15002,0,0,0,0,0,0,0,0,0,45,38,2946,0,0,0,0,0,0,0,0,0,0,0,0,0,0,0,0,0,0,0,0,0,0,0,0,0,0,0,0,0,0,0,0,0,0,0,0,0,0,0,0,0,0,0,0,0,0,0,0,0,0,0,0,0,0,0,0,0,0,0,0,0,0,0,0,0,0,0,0,0,0,0,0,0,0,0,0,0,0,0,0,0
Plainfield PD,15411,0,0,0,0,0,0,3,0,0,0,0,0,1,500,1,0,3,2400,0,0,0,0,0,0,1,1,1,1,1,0,2,1,0,0,1,1,1,1,4,2,11,77530,10,1785,11,12942,2,4346,0,0,2,750,27,8,7,3,2,1,2,200,0,0,3,195,25,3595,7,9685,0,0,21,25591,1,350,13,12990,45,49388,11,2777,16,441,39,5,2,3,1,5,1,163500,1,0,25000,0,0,0,0,0,0,22,16,120007,0,0,0,0,0,0,0,0,0,0,0,0,0,0,0,0,0,0,0,0,0,0,0,0,0,0,0,0,0,0,0,0,0,0,0,0,0,0,0,0,0,0,0,0,0,0,0,0,0,0,0,0,0,0,0,0,0,0,0,0,0,0,0,0,0,0,0,0,0,0,0,0,0,0,0,0,0,0,0,5,2
Plainville PD,18269,0,0,0,0,0,0,0,0,0,0,1,0,0,0,0,0,1,0,0,0,0,0,2,860,1,0,0,0,0,0,3,0,0,0,1,0,1,2,38,38,17,42991,11,36552,29,58404,66,14774,5,3755,17,22338,97,7,23,9,25,2,1,2,3,2740,73,22625,68,45681,8,5662,10,2106,29,26771,0,0,290,670322,217,744318,121,16914,144,14677,152,33,0,0,0,5,0,255307,0,0,0,0,0,0,0,0,0,44,53,228983,0,0,0,0,0,0,0,0,0,0,0,0,0,0,0,0,0,0,0,0,0,0,0,0,0,0,0,0,0,0,0,0,0,0,0,0,0,0,0,0,0,0,0,0,0,0,0,0,0,0,0,0,0,0,0,0,0,0,0,0,0,0,0,0,0,0,0,0,0,0,0,0,0,0,0,0,0,0,0,8,8
Plymouth PD,12264,0,0,0,0,0,0,4,2,0,0,0,0,0,0,0,0,0,0,0,0,0,0,0,0,0,0,0,0,0,0,0,0,0,0,0,0,4,3,0,0,2,32,6,13313,25,79404,0,0,0,0,5,5948,21,2,11,2,6,2,0,0,0,0,8,930,35,5694,8,100000,2,1700,37,34863,0,0,67,43394,71,180745,50,5246,36,590,35,11,2,1,0,3,0,77935,0,0,0,1,0,3000,1,0,10,35,32,83560,0,0,0,0,0,0,0,0,0,0,0,0,0,0,0,0,0,0,0,0,0,0,0,0,0,0,0,0,0,0,0,0,0,0,0,0,0,0,0,0,0,0,0,0,0,0,0,0,0,0,0,0,0,0,0,0,0,0,0,0,0,0,0,0,0,0,0,0,0,0,0,0,0,0,0,0,0,0,0,2,2
Pomfret CSP,4004,0,0,0,0,0,0,0,0,0,0,0,0,0,0,0,0,1,387,0,0,0,0,0,0,0,0,1,1,0,0,0,0,0,0,0,0,0,0,0,0,1,4320,8,18780,0,0,1,6000,0,0,0,0,7,3,3,3,0,0,0,0,0,0,0,0,3,250,0,0,0,0,3,12000,0,0,6,8872,7,20870,2,249,3,3,2,0,0,0,0,0,0,0,0,0,0,0,0,0,0,0,0,10,7,12890,0,0,0,0,0,0,0,0,0,0,0,0,0,0,0,0,0,0,0,0,0,0,0,0,0,0,0,0,0,0,0,0,0,0,0,0,0,0,0,0,0,0,0,0,0,0,0,0,0,0,0,0,0,0,0,0,0,0,0,0,0,0,0,0,0,0,0,0,0,0,0,0,0,0,0,0,0,0,0,0,0
Portland PD,9206,0,0,0,0,0,0,0,0,0,0,0,0,0,0,2,1245,0,0,0,0,0,0,0,0,0,0,2,1,0,0,0,0,1,1,0,0,0,0,7,7,2,3338,10,21063,3,35358,3,3715,1,520,2,400,11,1,10,2,0,0,0,0,0,0,2,23,16,4069,0,0,0,0,15,21583,0,0,19,10282,20,34681,9,1196,23,80,10,2,0,0,0,1,0,5000,0,0,0,0,0,0,0,0,0,1,0,4197,0,0,0,0,0,0,0,0,0,0,0,0,0,0,0,0,0,0,0,0,0,0,0,0,0,0,0,0,0,0,0,0,0,0,0,0,0,0,0,0,0,0,0,0,0,0,0,0,0,0,0,0,0,0,0,0,0,0,0,0,0,0,0,0,0,0,0,0,0,0,0,0,0,0,0,0,0,0,0,0,0
Preston CSP,4942,0,0,0,0,0,0,0,0,0,0,0,0,0,0,0,0,0,0,0,0,0,0,0,0,0,0,0,1,0,0,0,0,1,0,0,0,2,2,0,0,4,6054,3,7235,0,0,3,4578,3,1000,0,0,9,5,4,1,0,0,0,0,0,0,1,446,3,2065,0,0,0,0,1,431,0,0,14,9530,12,11876,5,575,2,21,2,3,2,0,0,1,0,31590,1,1,10,0,0,0,0,0,0,28,23,5506,0,0,0,0,0,0,0,0,0,0,0,0,0,0,0,0,0,0,0,0,0,0,0,0,0,0,0,0,0,0,0,0,0,0,0,0,0,0,0,0,0,0,0,0,0,0,0,0,0,0,0,0,0,0,0,0,0,0,0,0,0,0,0,0,0,0,0,0,0,0,0,0,0,0,0,0,0,0,0,0,0
Prospect CSP,9180,0,0,0,0,0,0,0,0,0,0,0,0,0,0,1,1034,0,0,0,0,0,0,0,0,0,1,1,0,0,0,0,0,1,0,0,0,0,0,0,0,3,9303,8,19132,0,0,2,140000,2,2230,0,0,6,2,7,0,2,2,0,0,0,0,2,121,12,5232,3,55,1,280,7,6508,0,0,20,33741,24,44622,11,1232,10,83,6,2,0,1,0,4,0,38200,0,0,0,0,0,0,0,0,0,44,37,150450,0,0,0,0,0,0,0,0,0,0,0,0,0,0,0,0,0,0,0,0,0,0,0,0,0,0,0,0,0,0,0,0,0,0,0,0,0,0,0,0,0,0,0,0,0,0,0,0,0,0,0,0,0,0,0,0,0,0,0,0,0,0,0,0,0,0,0,0,0,0,0,0,0,0,0,0,0,0,0,0,0
Putnam PD,7251,0,0,0,0,0,0,6,1,0,0,2,247,0,0,0,0,0,0,0,0,0,0,1,300,0,0,0,0,0,0,3,1,0,0,1,1,9,9,10,8,9,2874,29,26310,0,0,3,240,10,1581,0,0,34,2,13,0,4,0,0,0,0,0,26,835,19,6811,6,1271,7,1226,32,26183,0,0,54,32560,59,65900,22,2215,63,771,26,4,1,3,0,0,0,31549,0,0,0,2,0,6001,1,1,1,203,170,5122,0,0,0,0,0,0,0,0,0,0,0,0,0,0,0,0,0,0,0,0,0,0,0,0,0,0,0,0,0,0,0,0,0,0,0,0,0,0,0,0,0,0,0,0,0,0,0,0,0,0,0,0,0,0,0,0,0,0,0,0,0,0,0,0,0,0,0,0,0,0,0,0,0,0,0,0,0,0,0,5,0
Putnam CSP,2239,0,0,0,0,0,0,0,0,0,0,0,0,0,0,0,0,0,0,0,0,0,0,0,0,0,0,0,0,0,0,0,0,0,0,0,0,0,0,0,0,5,3503,5,7050,0,0,1,0,1,75,0,0,8,0,4,1,0,0,0,0,0,0,6,440,2,1030,1,100,0,0,1,300,0,0,17,17767,10,18738,7,714,10,185,12,3,0,0,0,0,0,14000,0,0,0,0,0,0,0,0,0,14,7,7341,0,0,0,0,0,0,0,0,0,0,0,0,0,0,0,0,0,0,0,0,0,0,0,0,0,0,0,0,0,0,0,0,0,0,0,0,0,0,0,0,0,0,0,0,0,0,0,0,0,0,0,0,0,0,0,0,0,0,0,0,0,0,0,0,0,0,0,0,0,0,0,0,0,0,0,0,0,0,0,0,0
Redding PD,8719,0,0,0,0,0,0,0,0,0,0,0,0,0,0,0,0,0,0,0,0,0,0,0,0,0,0,0,0,0,0,0,0,0,0,0,0,0,0,0,0,0,0,0,0,7,29356,0,0,0,0,1,75,4,0,4,0,0,0,0,0,0,0,1,209,5,3420,0,0,0,0,15,130516,0,0,26,90109,38,223755,5,409,4,90,0,1,1,1,0,2,0,40501,0,0,0,0,0,0,0,0,0,9,7,5000,0,0,0,0,0,0,0,0,0,0,0,0,0,0,0,0,0,0,0,0,0,0,0,0,0,0,0,0,0,0,0,0,0,0,0,0,0,0,0,0,0,0,0,0,0,0,0,0,0,0,0,0,0,0,0,0,0,0,0,0,0,0,0,0,0,0,0,0,0,0,0,0,0,0,0,0,0,0,0,0,0
Ridgefield PD,24926,0,0,0,0,0,0,0,0,0,0,0,0,0,0,0,0,0,0,1,1,0,0,0,0,1,0,0,0,0,0,0,0,0,0,0,0,0,0,0,0,4,34934,0,0,0,0,1,0,5,1050,0,0,7,2,1,0,2,1,0,0,1,10,13,3272,25,11283,0,0,0,0,23,100961,0,0,15,16582,38,130963,8,831,31,314,16,0,0,0,0,1,0,2500,0,0,0,0,0,0,1,1,25,56,52,9907,0,0,0,0,0,0,0,0,0,0,0,0,0,0,0,0,0,0,0,0,0,0,0,0,0,0,0,0,0,0,0,0,0,0,0,0,0,0,0,0,0,0,0,0,0,0,0,0,0,0,0,0,0,0,0,0,0,0,0,0,0,0,0,0,0,0,0,0,0,0,0,0,0,0,0,0,0,0,0,1,1
Rocky Hill PD,18941,0,0,0,0,0,0,1,0,1,0,0,0,0,0,0,0,0,0,0,0,0,0,1,2425,0,0,0,0,0,0,1,0,0,0,0,0,0,0,0,0,8,29672,14,26000,3,38199,4,730,1,600,3,2980,26,0,7,0,0,0,1,100,1,275,112,19695,49,32384,8,19380,3,380,27,82704,1,1600,32,32747,112,179872,83,8576,39,817,93,7,0,0,0,2,0,69200,0,0,0,0,0,0,0,0,0,32,23,73334,0,0,0,0,0,0,0,0,0,0,0,0,0,0,0,0,0,0,0,0,0,0,0,0,0,0,0,0,0,0,0,0,0,0,0,0,0,0,0,0,0,0,0,0,0,0,0,0,0,0,0,0,0,0,0,0,0,0,0,0,0,0,0,0,0,0,0,0,0,0,0,0,0,0,0,0,0,0,0,0,0
Roxbury CSP,2251,0,0,0,0,0,0,0,0,0,0,0,0,0,0,0,0,0,0,0,0,0,0,0,0,0,0,0,0,0,0,0,0,0,0,0,0,1,0,0,0,1,2401,1,2,0,0,0,0,0,0,0,0,1,0,1,0,0,0,0,0,0,0,0,0,0,0,0,0,0,0,2,4650,0,0,11,14028,10,18477,1,180,2,21,1,1,0,0,0,1,0,7500,0,0,0,0,0,0,0,0,0,5,3,0,0,0,0,0,0,0,0,0,0,0,0,0,0,0,0,0,0,0,0,0,0,0,0,0,0,0,0,0,0,0,0,0,0,0,0,0,0,0,0,0,0,0,0,0,0,0,0,0,0,0,0,0,0,0,0,0,0,0,0,0,0,0,0,0,0,0,0,0,0,0,0,0,0,0,0,0,0,0,0,0,0
Salem CSP,4067,0,0,0,0,0,0,0,0,0,0,0,0,0,0,0,0,0,0,0,0,0,0,0,0,0,0,0,0,0,0,0,0,0,0,0,0,0,0,4,1,4,21443,7,19730,0,0,2,400,2,875,0,0,9,1,6,1,0,0,0,0,0,0,0,0,3,2209,0,0,0,0,5,26049,0,0,14,247634,19,275883,0,0,3,9,5,2,1,0,0,1,0,11000,0,0,0,0,0,0,0,0,0,14,10,4812,0,0,0,0,0,0,0,0,0,0,0,0,0,0,0,0,0,0,0,0,0,0,0,0,0,0,0,0,0,0,0,0,0,0,0,0,0,0,0,0,0,0,0,0,0,0,0,0,0,0,0,0,0,0,0,0,0,0,0,0,0,0,0,0,0,0,0,0,0,0,0,0,0,0,0,0,0,0,0,0,0
Salisbury CSP,4194,0,0,0,0,0,0,0,1,0,0,1,1,0,0,0,0,0,0,0,0,0,0,0,0,1,1,0,0,0,0,0,0,0,0,0,0,0,0,2,2,2,1710670,3,12114,0,0,0,0,2,6200,0,0,3,0,4,1,0,0,0,0,0,0,0,0,5,6173,1,100,0,0,6,35407,0,0,9,61905,13,103209,3,303,5,73,2,1,1,0,0,0,0,1105,0,0,0,0,0,0,0,0,0,12,11,2040,0,0,0,0,0,0,0,0,0,0,0,0,0,0,0,0,0,0,0,0,0,0,0,0,0,0,0,0,0,0,0,0,0,0,0,0,0,0,0,0,0,0,0,0,0,0,0,0,0,0,0,0,0,0,0,0,0,0,0,0,0,0,0,0,0,0,0,0,0,0,0,0,0,0,0,0,0,0,0,0,0
Scotland CSP,1639,0,0,0,0,0,0,0,0,0,0,0,0,0,0,0,0,0,0,0,0,0,0,0,0,0,0,0,0,0,0,0,0,0,0,0,0,0,0,1,0,0,0,4,11612,0,0,1,0,3,20450,0,0,4,0,3,1,1,0,0,0,0,0,0,0,3,972,0,0,0,0,0,0,0,0,3,4250,4,5151,1,50,1,21,0,0,0,0,0,0,0,0,0,0,0,0,0,0,0,0,0,2,0,50,0,0,0,0,0,0,0,0,0,0,0,0,0,0,0,0,0,0,0,0,0,0,0,0,0,0,0,0,0,0,0,0,0,0,0,0,0,0,0,0,0,0,0,0,0,0,0,0,0,0,0,0,0,0,0,0,0,0,0,0,0,0,0,0,0,0,0,0,0,0,0,0,0,0,0,0,0,0,0,0,0
Seymour PD,16293,0,0,0,0,0,0,2,0,0,0,0,0,1,95,0,0,0,0,1,20,0,0,0,0,0,0,1,0,0,0,1,1,0,0,0,0,2,2,4,3,4,12845,12,75791,14,45401,2,1124,10,3050,9,37271,24,7,18,2,9,1,0,0,0,0,19,6700,26,11436,4,3401,1,300,27,98365,0,0,29,50112,59,167260,28,2792,19,262,25,10,0,0,0,0,0,42150,0,1,0,0,0,0,1,0,1,68,64,73745,0,0,0,0,0,0,0,0,0,0,0,0,0,0,0,0,0,0,0,0,0,0,0,0,0,0,0,0,0,0,0,0,0,0,0,0,0,0,0,0,0,0,0,0,0,0,0,0,0,0,0,0,0,0,0,0,0,0,0,0,0,0,0,0,0,0,0,0,0,0,0,0,0,0,0,0,0,0,0,0,0
Sharon CSP,3130,1,0,100,0,0,0,0,0,0,0,0,0,0,0,0,0,0,0,0,0,0,0,0,0,0,0,0,0,0,0,0,0,0,0,0,0,2,2,0,0,3,66436,1,0,0,0,3,2050,2,5501,0,0,3,1,5,1,1,0,0,0,0,0,0,0,0,0,0,0,0,0,3,7461,0,0,6,2411,7,9816,1,55,1,1,2,0,0,0,0,0,0,0,0,0,0,0,0,0,0,0,0,10,9,60226,0,1,0,0,0,0,0,0,0,0,0,0,0,0,0,0,0,0,0,0,0,0,0,0,0,0,0,0,0,0,0,0,0,0,0,0,0,0,0,0,0,0,0,0,0,0,0,0,0,0,0,0,0,0,0,0,0,0,0,0,0,0,0,0,0,0,0,1,0,0,0,0,0,0,0,0,0,1,0,0,0
Shelton PD,40169,0,0,0,0,0,0,7,2,0,0,6,1358,2,0,0,0,2,1161,2,217411,0,0,0,0,4,2,1,1,1,1,6,2,0,0,1,1,1,1,1,1,35,124371,63,150330,0,0,13,8690,24,93038,0,0,93,17,20,1,22,2,1,700,1,20,27,7348,83,96679,22,14146,4,515,74,132309,0,0,55,75623,166,319975,59,6886,42,479,23,23,0,1,0,9,0,157215,0,0,0,0,0,0,0,0,0,209,133,113584,0,0,0,0,0,0,0,0,0,0,0,0,0,0,0,0,0,0,0,0,0,0,0,0,0,0,0,0,0,0,0,0,0,0,0,0,0,0,0,0,0,0,0,0,0,0,0,0,0,0,0,0,0,0,0,0,0,0,0,0,0,0,0,0,0,0,0,0,0,0,0,0,0,0,0,0,0,0,0,1,0
Sherman CSP,4036,0,0,0,0,0,0,0,0,0,0,0,0,0,0,0,0,0,0,0,0,0,0,0,0,0,0,0,0,0,0,0,0,0,0,0,0,0,0,0,0,2,320,3,52188,0,0,0,0,0,0,0,0,1,0,4,0,0,0,0,0,0,0,0,0,3,732,0,0,1,100,2,48800,0,0,7,5750,9,55166,2,200,2,16,1,1,0,0,0,0,0,1,0,0,0,0,0,0,0,0,0,10,8,101,0,0,0,0,0,0,0,0,0,0,0,0,0,0,0,0,0,0,0,0,0,0,0,0,0,0,0,0,0,0,0,0,0,0,0,0,0,0,0,0,0,0,0,0,0,0,0,0,0,0,0,0,0,0,0,0,0,0,0,0,0,0,0,0,0,0,0,0,0,0,0,0,0,0,0,0,0,0,0,0,0
Simsbury PD,24496,1,0,0,0,0,0,0,0,0,0,0,0,1,120,0,0,0,0,0,0,0,0,1,80,1,1,0,0,0,0,1,1,0,0,1,1,4,4,0,0,5,14532,13,97773,0,0,4,645,4,4645,0,0,10,2,14,5,2,1,0,0,0,0,18,2019,43,29674,6,21869,1,500,23,55587,0,0,63,40429,76,146202,37,3516,41,360,21,2,0,2,0,0,0,11301,0,0,0,0,0,0,0,0,0,81,43,56566,0,1,0,0,0,0,0,0,0,0,0,0,0,0,0,0,0,0,0,0,0,0,0,0,0,0,0,0,0,0,0,0,0,0,0,0,0,0,0,0,0,0,0,0,0,0,1,0,0,0,0,0,0,0,0,0,0,0,0,0,0,0,0,0,0,0,0,0,0,0,0,0,0,0,0,0,0,1,0,1,1
Somers CSP,10981,1,1,0,0,0,0,0,0,0,0,0,0,1,100,0,0,0,0,0,0,0,0,0,0,1,0,0,0,0,0,0,0,0,0,0,0,2,1,4,0,4,4869,10,6350,0,0,2,11,0,0,0,0,11,3,2,3,3,1,0,0,0,0,0,0,8,13334,0,0,0,0,2,7652,0,0,19,100945,22,121405,4,470,3,56,15,0,0,0,0,1,0,4000,0,0,0,0,0,0,0,0,0,71,20,878,0,0,0,0,0,0,0,0,0,0,0,0,0,0,1,0,0,0,0,0,0,0,0,0,0,0,0,0,0,0,0,0,0,0,0,0,0,0,0,0,0,0,0,0,0,0,0,0,0,0,0,0,0,0,0,0,0,0,0,0,0,0,0,1,0,0,0,0,0,0,0,0,0,0,0,0,1,0,0,0,0
Southbury CSP,19573,0,0,0,0,0,0,1,0,0,0,0,0,1,4600,0,0,1,350,1,1,0,0,1,101,3,3,0,0,0,0,1,1,0,0,0,0,3,3,1,1,11,12202,6,68234,0,0,1,2940,4,1370,0,0,14,3,6,0,2,0,0,0,0,0,13,6608,18,9969,9,5407,1,550,18,39870,0,0,85,141859,91,201798,22,2194,31,271,26,6,2,0,0,1,0,40801,2,0,2,0,0,0,1,0,1,84,49,13980,0,0,0,0,0,0,0,0,0,0,0,0,0,0,0,0,0,0,0,0,0,0,0,0,0,0,0,0,0,0,0,0,0,0,0,0,0,0,0,0,0,0,0,0,0,0,0,0,0,0,0,0,0,0,0,0,0,0,0,0,0,0,0,0,0,0,0,0,0,0,0,0,0,0,0,0,0,0,0,0,0
Southington PD,41884,1,1,50,0,0,0,5,3,0,0,1,75,1,460,2,2211,2,1447,2,560,3,2562,0,0,3,1,2,2,3,1,3,1,0,0,2,2,4,3,5,5,28,101391,43,86112,19,34762,6,1160,18,11403,16,12783,60,2,54,14,16,0,0,0,0,0,114,20190,214,55446,36,18600,13,4114,105,98763,1,25,106,50879,245,229791,148,15839,196,2387,93,16,1,2,0,18,2,157564,0,0,0,2,0,2,5,0,3,488,345,123191,0,0,0,0,0,0,0,0,1,0,0,0,0,0,0,0,0,0,0,0,0,0,0,0,1,0,0,0,0,0,0,0,0,0,0,0,0,0,0,0,0,0,0,0,0,0,0,0,0,0,0,0,0,0,0,0,0,0,0,0,0,0,0,0,0,0,0,0,1,0,0,0,0,0,0,0,0,0,0,20,20
South Windsor PD,25736,0,0,0,0,0,0,3,2,0,0,0,0,0,0,0,0,0,0,0,0,0,0,2,0,0,0,0,0,0,1,2,0,0,0,2,2,1,1,1,0,4,8237,17,31095,0,0,6,9085,21,28070,0,0,18,1,30,9,0,0,0,0,0,0,42,9133,56,23497,17,10925,0,0,50,85842,1,0,141,57204,118,179950,57,5944,132,707,68,12,3,1,0,4,0,63454,0,0,0,0,0,0,0,0,0,120,90,22189,0,0,0,0,0,0,0,0,0,0,0,0,0,0,0,0,0,0,0,0,0,0,0,0,0,0,0,0,0,0,0,0,0,0,0,0,0,0,0,0,0,0,0,0,0,0,0,0,0,0,0,0,0,0,0,0,0,0,0,0,0,0,0,0,0,0,0,0,0,0,0,0,0,0,0,0,0,0,0,0,0
Sprague CSP,3133,0,0,0,0,0,0,1,0,0,0,0,0,1,100,0,0,0,0,0,0,0,0,0,0,0,0,0,0,1,0,0,0,0,0,0,0,1,0,0,0,5,8930,5,5680,0,0,1,4001,2,850,0,0,10,4,3,2,0,0,0,0,0,0,0,0,1,300,1,1,0,0,4,8800,0,0,13,16485,12,25035,4,530,3,21,6,1,0,0,0,0,0,2500,0,0,0,0,0,0,0,0,0,40,30,7670,0,0,0,0,0,0,0,0,0,0,0,0,0,0,0,0,0,0,0,0,0,0,0,0,0,0,0,0,0,0,0,0,0,0,0,0,0,0,0,0,0,0,0,0,0,0,0,0,0,0,0,0,0,0,0,0,0,0,0,0,0,0,0,0,0,0,0,0,0,0,0,0,0,0,0,0,0,0,0,0,0
Stafford CSP,11920,0,0,0,0,0,0,0,1,0,0,1,35,0,0,0,0,0,0,0,0,0,0,0,0,0,0,0,0,0,0,1,1,0,0,2,2,0,0,3,3,9,11123,8,8208,0,0,3,902,4,6805,0,0,16,8,8,5,0,0,0,0,0,0,6,979,14,7575,0,0,0,0,5,7496,0,0,17,57036,29,72345,6,616,7,125,30,15,3,0,0,1,0,80900,0,0,0,0,0,0,0,0,0,79,45,21081,0,0,0,0,0,0,0,0,0,0,0,0,0,0,0,0,0,0,0,0,0,0,0,0,0,0,0,0,0,0,0,0,0,0,0,0,0,0,0,0,0,0,0,0,0,0,0,0,0,0,0,0,0,0,0,0,0,0,0,0,0,0,0,0,0,0,0,0,0,0,0,0,0,0,0,0,0,0,0,0,0
Stamford PD,123435,5,3,2,0,0,0,25,12,0,0,92,43138,18,20352,0,0,8,4252,7,426,5,16184,15,4054,29,5,14,4,17,6,85,24,17,6,36,28,79,49,44,36,71,163895,141,471465,0,0,46,54798,32,55364,0,0,86,10,159,26,45,5,5,10290,5,844,274,90807,229,137131,241,66055,29,5271,346,735743,1,200,342,926427,619,1944553,223,24423,630,3792,351,128,10,12,0,30,3,1002831,4,2,126008,3,0,35004,3,0,4,993,693,1021464,1,1,0,1,0,1,0,0,1,0,0,0,0,0,0,0,0,0,0,0,0,0,0,0,2,0,0,0,0,0,0,0,0,0,0,0,0,0,0,0,0,0,0,0,0,1,0,0,0,0,0,0,0,0,0,0,0,0,0,0,0,0,0,0,0,0,0,2,0,0,0,1,0,0,0,1,2,1,0,28,27
Sterling CSP,3268,0,0,0,0,0,0,0,0,0,0,0,0,0,0,0,0,0,0,0,0,0,0,0,0,0,0,0,0,0,0,0,0,0,0,0,0,0,0,0,0,2,3115,11,20572,0,0,1,750,4,14340,0,0,9,1,9,2,0,0,0,0,0,0,0,0,6,4439,2,7800,1,200,1,60,0,0,9,20853,15,33200,2,149,2,3,3,2,1,0,0,1,0,16501,0,0,0,0,0,0,0,0,0,15,15,10850,0,0,0,0,0,0,0,0,0,0,0,0,0,0,0,0,0,0,0,0,0,0,0,0,0,0,0,0,0,0,0,0,0,0,0,0,0,0,0,0,0,0,0,0,0,0,0,0,0,0,0,0,0,0,0,0,0,0,0,0,0,0,0,0,0,0,0,0,0,0,0,0,0,0,0,0,0,0,0,0,0
Stonington PD,18877,0,0,0,0,0,0,3,0,0,0,0,0,0,0,0,0,0,0,0,0,0,0,1,1850,0,0,0,0,0,0,1,1,0,0,1,1,0,0,6,5,16,5394,25,21450,0,0,7,15744,18,26139,0,0,38,8,25,3,3,0,0,0,0,0,15,2032,43,46404,10,7863,7,3650,37,84727,2,750,149,127335,132,266002,65,5828,66,931,43,5,1,0,0,2,0,90800,1,1,15000,0,0,0,0,0,0,177,160,83083,0,0,0,0,0,0,0,0,0,0,0,0,0,0,0,0,0,0,0,0,0,0,0,0,0,0,0,0,0,0,0,0,0,0,0,0,0,0,0,0,0,0,0,0,0,0,0,0,0,0,0,0,0,0,0,0,0,0,0,0,0,0,0,0,0,0,0,0,0,0,0,0,0,0,0,0,0,0,0,3,1
Stratford PD,52686,0,0,0,0,0,0,14,4,1,1,9,32127,6,2787,3,2442,5,4895,2,590,1,85,2,256,12,5,4,1,3,2,9,5,10,8,13,10,19,17,19,18,5,494,0,0,165,495586,0,0,0,0,75,243012,129,26,72,19,44,1,1,200,0,0,333,52383,224,99522,136,49001,41,8459,166,209419,2,451,177,645719,425,1030919,282,29223,373,5012,281,68,6,4,0,23,0,480530,3,0,125700,4,0,49750,1,0,1000,398,348,491032,0,0,0,0,0,0,0,0,0,0,0,0,0,0,0,0,0,0,0,0,0,0,0,0,0,0,0,0,0,0,0,0,0,0,0,0,0,0,0,0,0,0,0,0,0,0,0,0,0,0,0,0,0,0,0,0,0,0,0,0,0,0,0,0,0,0,0,0,0,0,0,0,0,0,0,0,0,0,0,4,4
Suffield PD,14288,0,0,0,0,0,0,1,2,0,0,0,0,0,0,0,0,0,0,0,0,0,0,0,0,0,0,0,0,0,0,0,0,0,0,1,0,2,2,0,0,7,1646,8,6101,0,0,1,1200,9,7852,0,0,12,0,10,2,3,0,0,0,0,0,0,0,42,48772,5,2790,0,0,35,52718,0,0,42,119745,88,221820,17,1806,19,399,12,1,0,0,0,0,0,3500,0,0,0,0,0,0,0,0,0,74,53,3155,0,0,0,0,0,0,0,0,0,0,0,0,0,0,0,0,0,0,0,0,0,0,0,0,0,0,0,0,0,0,0,0,0,0,0,0,0,0,0,0,0,0,0,0,0,0,0,0,0,0,0,0,0,0,0,0,0,0,0,0,0,0,0,0,0,0,0,0,0,0,0,0,0,0,0,0,0,0,0,0,0
Thomaston PD,7911,0,0,0,0,0,0,1,0,0,0,0,0,0,0,0,0,0,0,0,0,0,0,0,0,0,0,0,0,0,0,0,0,0,0,0,0,3,2,1,1,0,0,1,0,33,12766,1,3800,0,0,23,18592,13,1,32,14,13,1,0,0,0,0,3,1741,18,5031,3,3005,1,350,16,23931,0,0,31,83808,36,115675,21,2064,15,127,14,6,0,1,0,1,0,71199,0,0,0,0,0,0,0,0,0,40,37,11685,0,0,0,0,0,0,0,0,0,0,0,0,0,0,0,0,0,0,0,0,0,0,0,0,0,0,0,0,0,0,0,0,0,0,0,0,0,0,0,0,0,0,0,0,0,0,0,0,0,0,0,0,0,0,0,0,0,0,0,0,0,0,0,0,0,0,0,0,0,0,0,0,0,0,0,0,0,0,0,2,1
Thompson CSP,9359,0,0,0,0,0,0,2,2,0,0,0,0,0,0,1,1,0,0,1,20,0,0,0,0,0,0,0,0,1,1,1,1,0,0,0,0,0,0,1,1,5,5602,29,54238,0,0,1,0,1,0,0,0,21,3,15,2,0,0,0,0,0,0,0,0,5,2733,0,0,1,249,3,12080,1,1,18,17317,16,31961,4,371,8,48,7,5,1,1,0,1,0,27700,0,0,0,1,0,1,0,0,0,58,51,18951,0,0,0,0,0,0,0,0,0,0,0,0,0,0,0,0,0,0,0,0,0,0,0,0,0,0,0,0,0,0,0,0,0,0,0,0,0,0,0,0,0,0,0,0,0,0,0,0,0,0,0,0,0,0,0,0,0,0,0,0,0,0,0,0,0,0,0,0,0,0,0,0,0,0,0,0,0,0,0,0,0
Tolland CSP,13859,0,0,0,0,0,0,1,2,0,0,0,0,1,2000,0,0,0,0,0,0,0,0,0,0,0,0,1,0,0,0,0,0,0,0,0,0,1,1,0,0,8,6145,15,54542,0,0,1,8000,4,33269,0,0,12,4,16,6,0,0,0,0,0,0,3,348,26,18701,2,2,0,0,3,6388,0,0,22,22193,35,46389,12,1208,9,35,21,0,0,0,0,2,0,22800,0,0,0,0,0,0,0,0,0,41,32,30873,0,0,0,0,0,0,0,0,0,0,0,0,0,0,0,0,0,0,0,0,0,0,0,0,0,0,0,0,0,0,0,0,0,0,0,0,0,0,0,0,0,0,0,0,0,0,0,0,0,0,0,0,0,0,0,0,0,0,0,0,0,0,0,0,0,0,0,0,0,0,0,0,0,0,0,0,0,0,0,0,0
Torrington PD,37111,0,0,0,0,0,0,16,7,2,0,3,906,2,121,0,0,2,254,1,400,0,0,3,665,3,2,1,1,1,0,6,5,0,0,0,0,13,13,9,8,13,5512,19,35580,45,63972,9,336,5,13700,23,48557,62,23,42,13,10,1,0,0,0,0,122,24705,204,89086,21,63903,20,5380,137,101194,0,0,228,258314,320,519455,189,20565,223,2562,172,19,4,0,0,3,0,157284,3,2,12201,0,0,0,1,1,1,324,297,144872,0,0,0,0,0,0,0,0,0,0,0,0,0,0,0,0,0,0,0,0,0,0,0,0,0,0,0,0,0,0,0,0,0,0,0,0,0,0,0,0,0,0,0,0,0,0,0,0,0,0,0,0,0,0,0,0,0,0,0,0,0,0,0,0,0,0,0,0,0,0,0,0,0,0,0,0,0,0,0,14,12
Trumbull PD,36099,0,0,0,0,0,0,0,0,0,0,0,0,7,1544,0,0,1,572,1,500,1,1100,1,200,1,1,1,1,1,1,8,5,1,1,0,0,1,3,1,0,12,68671,32,57119,0,0,1,20,9,23225,0,0,28,9,23,6,3,3,1,399,1,10,257,107644,62,34195,3,124,4,2385,26,32054,0,0,97,231246,248,391265,138,15716,65,1076,271,25,2,2,0,3,0,200483,0,0,0,0,0,0,0,0,0,77,53,162681,0,0,0,0,0,0,0,0,0,0,0,0,0,0,0,0,0,0,0,0,0,0,0,0,0,0,0,0,0,0,0,0,0,0,0,0,0,0,0,0,0,0,0,0,0,0,0,0,0,0,0,0,0,0,0,0,0,0,0,0,0,0,0,0,0,0,0,0,0,0,0,0,0,0,0,0,0,0,0,4,4
Union CSP,729,0,0,0,0,0,0,0,0,0,0,0,0,0,0,0,0,0,0,0,0,0,0,0,0,0,0,0,0,0,0,0,0,0,0,0,0,0,0,0,0,2,3461,1,12750,0,0,0,0,1,1000,0,0,1,0,3,0,0,0,0,0,0,0,0,0,0,0,0,0,0,0,0,0,0,0,0,0,0,0,0,0,0,0,1,0,0,0,0,0,0,0,0,0,0,0,0,0,0,0,0,2,0,0,0,0,0,0,0,0,0,0,0,0,0,0,0,0,0,0,0,0,0,0,0,0,0,0,0,0,0,0,0,0,0,0,0,0,0,0,0,0,0,0,0,0,0,0,0,0,0,0,0,0,0,0,0,0,0,0,0,0,0,0,0,0,0,0,0,0,0,0,0,0,0,0,0,0,0,0,0,0,0,0,0
Vernon PD,29583,0,0,0,0,0,0,4,2,1,0,1,830,3,635,0,0,0,0,0,0,0,0,4,159,2,0,0,0,0,0,6,4,0,0,10,9,13,10,11,8,20,21488,30,53573,0,0,5,1438,10,1847,0,0,30,8,33,8,2,1,0,0,1,255,53,8746,60,49965,6,44542,11,3118,47,39814,1,750,61,29006,112,168648,63,6518,65,1030,79,8,4,0,0,1,0,160233,1,0,1,1,0,5000,0,0,0,201,83,125801,0,0,0,0,0,0,0,0,0,0,0,0,0,0,0,0,0,0,0,0,0,0,0,0,0,0,0,0,0,0,0,0,0,0,0,0,0,0,0,0,0,0,0,0,0,0,0,0,0,0,0,0,0,0,0,0,0,0,0,0,0,0,0,0,0,0,0,0,0,0,0,0,0,0,0,0,0,0,0,6,5
Voluntown CSP,2665,0,0,0,0,0,0,0,0,0,0,0,0,0,0,0,0,0,0,0,0,0,0,0,0,0,0,0,0,0,0,0,0,0,0,0,0,0,0,0,1,3,5700,7,19874,0,0,0,0,1,6000,0,0,7,1,4,0,0,0,0,0,0,0,1,38,1,3000,1,1,0,0,2,400,0,0,7,1980,6,5250,2,129,4,40,3,0,0,0,0,0,0,0,0,0,0,0,0,0,0,0,0,14,12,438,0,0,0,0,0,0,0,0,0,0,0,0,0,0,0,0,0,0,0,0,0,0,0,0,0,0,0,0,0,0,0,0,0,0,0,0,0,0,0,0,0,0,0,0,0,0,0,0,0,0,0,0,0,0,0,0,0,0,0,0,0,0,0,0,0,0,0,0,0,0,0,0,0,0,0,0,0,0,0,0,0
Wallingford PD,45362,0,0,0,0,0,0,2,0,0,0,0,0,6,1237,0,0,3,3760,0,0,1,122494,0,0,2,1,0,0,2,2,6,4,0,0,0,0,1,0,2,2,25,35797,74,124370,0,0,27,9147,35,16873,0,0,69,10,92,22,0,0,0,0,0,0,181,38467,59,25913,30,20850,2,1100,38,86441,39,7052,380,358029,247,518485,162,16784,320,2583,248,16,1,6,0,3,0,180843,0,0,0,1,0,1,1,0,1,168,128,115224,0,0,0,0,0,0,0,0,0,0,0,0,0,0,0,0,0,0,0,0,0,0,0,0,0,0,0,0,0,0,0,0,0,0,0,0,0,0,0,0,0,0,0,0,0,0,0,0,0,0,0,0,0,0,0,0,0,0,0,0,0,0,0,0,0,0,0,0,0,0,0,0,0,0,0,0,0,0,0,6,6
Warren CSP,1322,0,0,0,0,0,0,0,1,0,0,0,0,0,0,0,0,0,0,0,0,0,0,0,0,0,0,0,0,0,0,0,0,0,0,0,0,0,0,0,0,2,1177,3,18747,0,0,1,40,0,0,0,0,4,3,2,0,0,0,0,0,0,0,0,0,8,1593,0,0,0,0,0,0,0,0,3,1030,5,2110,4,460,2,53,0,0,0,0,0,0,0,0,0,0,0,0,0,0,0,0,0,4,4,1840,0,0,0,0,0,0,0,0,0,0,0,0,0,0,0,0,0,0,0,0,0,0,0,0,0,0,0,0,0,0,0,0,0,0,0,0,0,0,0,0,0,0,0,0,0,0,0,0,0,0,0,0,0,0,0,0,0,0,0,0,0,0,0,0,0,0,0,0,0,0,0,0,0,0,0,0,0,0,0,0,0
Washington CSP,3790,0,0,0,0,0,0,0,0,0,0,0,0,0,0,0,0,0,0,0,0,0,0,0,0,0,0,0,0,0,0,0,0,0,0,1,1,0,0,1,1,3,5849,3,2775,0,0,0,0,0,0,0,0,1,1,5,3,0,0,0,0,0,0,1,293,6,4711,0,0,0,0,0,0,0,0,11,3819,12,8431,3,391,3,1,5,0,0,0,0,1,1,7460,0,0,0,0,0,0,0,0,0,13,10,9058,0,0,0,0,0,0,0,0,0,0,0,0,0,0,0,0,0,0,0,0,0,0,0,0,0,0,0,0,0,0,0,0,0,0,0,0,0,0,0,0,0,0,0,0,0,0,0,0,0,0,0,0,0,0,0,0,0,0,0,0,0,0,0,0,0,0,0,0,0,0,0,0,0,0,0,0,0,0,0,0,0
Waterbury PD,113092,5,5,0,0,1,0,7,4,0,0,92,63619,31,6766,11,3723,23,56873,15,4545,5,10641,8,4784,76,21,17,10,11,2,81,37,22,15,52,33,38,29,19,10,86,134988,185,342151,259,371128,68,103218,10,34298,54,92469,551,81,101,22,10,9,11,1889,13,2203,1072,204403,539,281557,395,304806,49,12032,972,794086,6,367,481,278945,1500,1737540,1333,126942,705,15806,824,467,51,2,0,44,1,2711680,5,1,130550,3,1,11750,0,0,0,1007,847,2984713,0,3,0,0,0,2,0,0,0,0,0,0,0,0,0,0,0,0,0,0,0,0,0,0,0,0,0,0,0,0,0,0,0,0,0,0,0,0,0,0,0,0,0,0,0,2,0,0,0,0,0,0,0,0,0,0,0,0,0,1,0,0,0,0,0,0,0,2,2,0,0,0,0,0,0,1,2,0,0,43,43
Waterford PD,20192,1,0,0,0,0,0,0,0,0,0,0,0,2,1814,0,0,2,414,0,0,1,1400,1,392,0,0,1,1,2,0,3,2,0,0,0,0,4,4,34,29,11,44871,25,42540,2,1300,3,832,13,16546,1,1252,8,6,45,20,2,1,2,4700,2,350,371,198108,20,10582,8,6620,6,6472,10,23190,0,0,34,33036,257,266701,135,15374,61,983,284,6,1,0,0,3,0,46780,0,0,0,0,0,0,0,0,0,121,115,111517,1,0,0,0,0,0,0,0,0,0,0,0,0,0,0,0,0,0,0,0,0,0,0,0,0,0,0,0,0,0,0,0,0,0,0,0,0,0,0,0,0,0,0,0,0,0,0,0,0,0,0,0,0,0,0,0,0,0,0,0,0,0,0,0,0,0,0,1,0,0,0,0,0,0,0,0,0,1,0,0,0
Watertown PD,22836,2,2,11650,0,0,0,3,0,1,1,0,0,1,619,1,198,0,0,0,0,1,7152,0,0,2,0,0,0,1,0,0,0,0,0,1,1,13,12,2,2,10,38978,21,57034,33,141122,4,1863,9,4548,9,5195,36,5,30,5,20,3,0,0,1,398,47,6197,159,35297,30,29269,7,1700,88,227912,0,0,84,226903,185,515702,92,10293,139,1681,67,20,0,0,0,2,0,223501,0,0,0,0,0,0,0,0,0,217,157,153166,0,0,0,0,0,2,0,0,0,0,0,0,0,0,0,0,0,0,0,0,0,0,0,0,0,0,0,0,0,0,0,0,0,0,0,0,0,0,0,0,0,0,0,0,0,0,0,0,0,0,0,0,0,0,0,0,0,0,1,1,0,0,0,0,0,0,0,0,2,0,0,0,0,0,0,0,0,0,0,2,2
Westbrook CSP,6632,0,0,0,0,0,0,0,0,0,0,0,0,0,0,0,0,0,0,0,0,0,0,1,103,0,0,1,0,0,0,0,0,0,0,0,0,0,0,1,1,1,0,7,30117,0,0,1,6639,2,5647,0,0,5,0,6,1,0,0,0,0,0,0,7,7485,5,2586,1,27266,0,0,4,6748,0,0,16,21894,20,65090,8,787,5,102,14,3,0,0,0,0,0,9700,0,0,0,0,0,0,0,0,0,39,33,20139,0,0,0,0,0,0,0,0,0,0,0,0,0,0,0,0,0,0,0,0,0,0,0,0,0,0,0,0,0,0,0,0,0,0,0,0,0,0,0,0,0,0,0,0,0,0,0,0,0,0,0,0,0,0,0,0,0,0,0,0,0,0,0,0,0,0,0,0,0,0,0,0,0,0,0,0,0,0,0,0,0
West Hartford PD,67038,0,0,0,0,0,0,2,2,0,0,3,352,24,13201,1,1800,0,0,2,2316,2,9955,3,770,8,4,3,2,2,0,22,16,0,0,1,1,5,4,3,3,70,101930,112,441226,0,0,33,35017,28,73027,0,0,101,18,117,23,25,5,0,0,0,0,493,176930,376,103168,111,40875,30,12986,223,244026,2,30,115,178968,565,711611,365,39168,420,6204,418,100,15,0,0,4,0,397914,1,1,100000,1,0,20000,0,0,0,205,81,530091,0,0,0,0,0,0,0,0,0,0,0,0,0,0,0,0,0,0,0,0,0,0,0,0,0,0,0,0,0,0,0,0,0,0,0,0,0,0,0,0,0,0,0,0,0,0,0,0,0,0,0,0,0,0,0,0,0,0,0,0,0,0,0,0,0,0,0,0,0,0,0,0,0,0,0,0,0,0,0,12,12
West Haven PD,55202,1,1,0,0,0,0,1,0,0,0,29,8039,9,2949,1,1686,8,2350,2,0,1,1,8,3118,17,3,5,1,4,1,32,4,5,0,10,7,50,29,194,126,33,133040,69,98885,0,0,33,33110,58,592911,4,0,88,7,46,2,63,9,1,20,4,222,211,34467,241,197128,118,23872,67,16581,94,105173,2,225,338,238308,446,585556,261,26534,369,3906,176,133,9,3,0,38,3,841520,1,0,0,0,0,0,0,0,0,103,47,252536,0,1,0,0,0,0,0,0,0,0,0,0,0,0,0,0,0,0,0,0,0,0,0,0,0,0,0,0,0,0,0,0,0,0,0,0,0,0,0,0,0,0,0,0,0,0,0,0,0,0,0,0,0,0,0,0,0,0,0,0,0,0,0,0,0,1,0,0,0,0,1,0,0,0,0,0,0,0,0,7,7
Weston PD,10581,0,0,0,0,0,0,0,0,0,0,0,0,0,0,0,0,0,0,0,0,0,0,0,0,0,0,0,0,0,0,0,0,0,0,0,0,0,0,2,1,0,0,1,600,7,220927,0,0,0,0,3,401,5,0,5,1,1,0,0,0,0,0,0,0,4,4484,0,0,1,1500,13,47691,0,0,12,16886,20,70218,3,320,7,23,2,0,0,0,0,0,0,0,0,0,0,0,0,0,0,0,0,26,15,500,0,0,0,0,0,0,0,0,0,0,0,0,0,0,0,0,0,0,0,0,0,0,0,0,0,0,0,0,0,0,0,0,0,0,0,0,0,0,0,0,0,0,0,0,0,0,0,0,0,0,0,0,0,0,0,0,0,0,0,0,0,0,0,0,0,0,0,0,0,0,0,0,0,0,0,0,0,0,0,1,0
Westport PD,27147,0,1,0,0,0,0,0,0,0,0,0,0,1,2,0,0,0,0,0,0,1,4000,0,0,1,1,0,0,1,1,0,0,0,0,1,0,0,0,8,3,5,9650,19,91590,2,5004,4,46563,8,5466,2,59646,11,3,26,14,3,0,6,44205,1,100,42,46840,68,81465,8,2354,7,2780,53,325596,0,0,88,240233,189,738553,42,4569,42,451,36,7,3,0,0,0,0,112046,0,0,0,0,0,0,0,0,0,38,24,115624,0,0,0,0,0,0,0,0,0,0,0,0,0,0,0,0,0,0,0,0,0,0,0,0,0,0,0,0,0,0,0,0,0,0,0,0,0,0,0,0,0,0,0,0,0,0,0,0,0,0,0,0,0,0,0,0,0,0,0,0,0,0,0,0,0,0,0,0,0,0,0,0,0,0,0,0,0,0,0,0,0
Wethersfield PD,27697,0,0,0,0,0,0,1,0,0,0,4,1266,3,1552,1,580,0,0,3,678,0,0,0,0,1,2,1,1,2,1,7,3,0,0,0,0,5,4,6,6,13,7266,40,208898,0,0,5,1136,4,6884,0,0,27,5,35,8,0,0,0,0,0,0,106,21557,55,27858,43,25221,19,6062,79,101954,0,0,26,12058,163,181510,123,12034,42,1166,105,17,2,0,0,3,1,111160,0,0,0,0,0,0,1,1,50,119,112,129286,0,0,0,0,0,0,0,0,0,0,0,0,0,0,0,0,0,0,0,0,0,0,0,0,0,0,0,0,0,0,0,0,0,0,0,0,0,0,0,0,0,0,0,0,0,0,0,0,0,0,0,0,0,0,0,0,0,0,0,0,0,0,0,0,0,0,0,0,0,0,0,0,0,0,0,0,0,0,0,6,6
Willington CSP,6283,0,0,0,0,0,0,0,0,0,0,0,0,0,0,0,0,0,0,0,0,0,0,0,0,0,0,0,0,0,0,0,0,0,0,0,0,2,1,3,3,4,9080,4,9955,0,0,0,0,0,0,0,0,3,0,5,0,0,0,0,0,0,0,1,54,2,150,0,0,0,0,3,6191,0,0,12,21696,11,27575,6,516,1,0,4,0,0,0,0,5,0,4062,0,0,0,0,0,0,0,0,0,20,13,0,0,0,0,0,0,0,0,0,0,0,0,0,0,0,0,0,0,0,0,0,0,0,0,0,0,0,0,0,0,0,0,0,0,0,0,0,0,0,0,0,0,0,0,0,0,0,0,0,0,0,0,0,0,0,0,0,0,0,0,0,0,0,0,0,0,0,0,0,0,0,0,0,0,0,0,0,0,0,0,0,0
Wilton PD,18590,1,1,0,0,1,0,0,0,0,0,0,0,0,0,0,0,0,0,0,0,0,0,0,0,0,0,0,0,0,0,0,0,1,1,0,0,0,0,0,0,3,116200,4,57801,0,0,5,4853,5,2975,0,0,12,7,5,4,0,0,0,0,0,0,2,2324,11,7392,3,35229,2,670,35,177338,0,0,23,29865,58,251502,11,1205,7,111,13,1,1,0,0,0,0,9999,0,0,0,0,0,0,0,0,0,22,17,15499,0,0,0,0,0,0,0,0,0,0,0,0,0,0,1,0,0,0,0,0,0,0,0,0,0,1,0,0,0,0,0,0,0,0,0,0,0,0,0,0,0,0,0,0,0,0,0,0,0,0,0,0,0,0,0,0,0,0,0,0,0,0,0,0,0,0,0,0,1,0,0,0,0,0,0,0,0,0,0,0,0
Winchester PD,11243,0,0,0,0,0,0,2,0,0,0,0,0,0,0,0,0,2,80,0,0,1,450,1,11,0,0,0,0,2,2,2,1,0,0,1,1,3,1,5,5,43,52176,17,18040,1,0,18,8349,0,0,2,1083,28,2,39,4,14,0,0,0,0,0,23,2970,55,13724,14,3030,0,0,39,19822,1,150,29,13752,72,48936,45,4000,44,512,29,7,2,3,0,1,0,64900,0,0,0,0,0,0,0,0,0,167,150,57886,0,0,0,0,0,0,0,0,0,0,0,0,0,0,0,0,0,0,0,0,0,0,0,0,0,0,0,0,0,0,0,0,0,0,0,0,0,0,0,0,0,0,0,0,0,0,0,0,0,0,0,0,0,0,0,0,0,0,0,0,0,0,0,0,0,0,0,0,0,0,0,0,0,0,0,0,0,0,0,0,0
Willimantic PD,17374,0,0,0,0,0,0,1,0,0,0,6,1489,2,437,1,250,0,0,3,1370,0,0,1,2500,4,0,0,1,2,0,7,3,0,0,5,4,4,2,4,2,24,19970,61,192697,0,0,6,1562,13,13127,0,0,57,5,46,6,1,0,0,0,1,200,43,4075,92,29895,5,955,9,2700,51,49781,0,0,75,104778,132,183789,76,7677,68,918,60,50,6,0,0,3,2,178555,0,0,0,3,0,5000,1,0,0,164,125,133108,0,0,0,0,0,0,0,0,0,0,0,0,0,0,0,0,0,0,0,0,0,0,0,0,0,0,0,0,0,0,0,0,0,0,0,0,0,0,0,0,0,0,0,0,0,0,0,0,0,0,0,0,0,0,0,0,0,0,0,0,0,0,0,0,0,0,0,0,0,0,0,0,0,0,0,0,0,0,0,9,9
Windham CSP,6723,0,0,0,0,0,0,2,1,0,0,0,0,1,115,0,0,0,0,0,0,0,0,2,701,1,0,1,1,0,0,1,1,0,0,1,1,0,0,2,2,9,13805,18,51601,0,0,1,29700,7,6170,0,0,25,0,10,1,0,0,0,0,0,0,16,3776,7,6650,5,54669,0,0,3,17129,0,0,29,35699,37,116028,14,1728,9,167,24,6,0,0,0,0,0,29701,1,0,10000,0,0,0,0,0,0,74,59,23613,0,0,0,0,0,0,0,0,0,0,0,0,0,0,0,0,0,0,0,0,0,0,0,0,0,0,0,0,0,0,0,0,0,0,0,0,0,0,0,0,0,0,0,0,0,0,0,0,0,0,0,0,0,0,0,0,0,0,0,0,0,0,0,0,0,0,0,0,0,0,0,0,0,0,0,0,0,0,0,0,0
Windsor PD,29769,0,0,0,0,0,0,4,2,0,0,2,400,2,103,0,0,1,820,0,0,1,2750,1,300,2,2,0,0,1,0,4,1,0,0,1,1,0,1,3,3,18,14270,21,67576,0,0,10,11613,6,6244,0,0,4,1,51,16,0,0,2,13745,0,0,80,19465,59,20898,15,16740,22,3731,73,50211,0,0,112,212869,174,326770,90,9547,99,1342,81,12,4,0,0,1,0,61866,0,0,0,0,0,0,0,0,0,221,186,64095,0,0,0,0,0,0,0,0,0,0,0,0,0,0,0,0,0,0,0,0,0,0,0,0,0,0,0,0,0,0,0,0,0,0,0,0,0,0,0,0,0,0,0,0,0,0,0,0,0,0,0,0,0,0,0,0,0,0,0,0,0,0,0,0,0,0,0,0,0,0,0,0,0,0,0,0,0,0,0,1,1
Windsor Locks PD,12697,0,0,0,0,0,0,1,0,1,1,0,0,1,150,0,0,0,0,1,20,0,0,2,185,1,0,1,1,0,0,2,1,0,0,2,2,0,0,2,2,3,701,0,0,21,77764,6,868,3,2125,16,27034,20,4,22,2,7,0,0,0,0,0,2,698,45,24866,12,5377,9,1715,39,34337,0,0,59,83333,89,145852,37,4053,40,421,20,10,1,0,0,0,0,96404,0,0,0,0,0,0,0,0,0,153,143,60585,0,0,0,0,0,0,0,0,0,0,0,0,0,0,0,0,0,0,0,0,0,0,0,0,0,0,0,0,0,0,0,0,0,0,0,0,0,0,0,0,0,0,0,0,0,0,0,0,0,0,0,0,0,0,0,0,0,0,0,0,0,0,0,0,0,0,0,0,0,0,0,0,0,0,0,0,0,0,0,3,3
Wolcott PD,16040,0,0,0,0,0,0,1,0,0,0,0,0,0,0,0,0,4,784,0,0,1,3213,0,0,4,3,1,1,0,0,0,0,0,0,0,0,0,0,0,0,1,0,2,4055,57,196398,0,0,0,0,18,43732,36,6,32,8,10,2,0,0,0,0,11,934,107,27605,8,4049,3,1300,4,2348,0,0,94,136541,106,167397,41,4612,80,768,26,9,1,0,0,5,1,53745,0,0,0,0,0,0,0,0,0,29,27,38403,0,0,0,0,0,0,0,0,0,0,0,0,0,0,0,0,0,0,0,0,0,0,0,0,0,0,0,0,0,0,0,0,0,0,0,0,0,0,0,0,0,0,0,0,0,0,0,0,0,0,0,0,0,0,0,0,0,0,0,0,0,0,0,0,0,0,0,0,0,0,0,0,0,0,0,0,0,0,0,0,0
Woodbridge PD,9469,0,0,0,0,0,0,1,1,0,0,0,0,0,0,0,0,0,0,0,0,1,14147,1,3290,1,0,0,0,0,0,1,0,0,0,0,0,4,2,1,0,5,1816,12,46179,0,0,2,4880,4,1643,0,0,9,1,6,0,8,0,0,0,0,0,0,0,22,8543,2,4350,1,300,41,108207,0,0,13,62023,48,182245,8,842,23,336,5,7,0,0,0,0,0,44610,0,0,0,0,0,0,0,0,0,36,11,31331,0,0,0,0,0,0,0,0,0,0,0,0,0,0,0,0,0,0,0,0,0,0,0,0,0,0,0,0,0,0,0,0,0,0,0,0,0,0,0,0,0,0,0,0,0,0,0,0,0,0,0,0,0,0,0,0,0,0,0,0,0,0,0,0,0,0,0,0,0,0,0,0,0,0,0,0,0,0,0,1,0
Woodbury CSP,9697,0,0,0,0,0,0,0,0,0,0,0,0,0,0,1,964,0,0,0,0,0,0,0,0,1,1,0,0,0,0,0,0,0,0,0,0,0,0,0,0,3,17020,15,47503,0,0,1,0,4,20535,0,0,12,0,11,5,0,0,0,0,0,0,1,754,8,2034,0,0,1,1500,2,5500,0,0,18,39651,25,49220,2,165,3,54,13,2,0,0,0,1,0,2702,0,0,0,0,0,0,0,0,0,23,18,4356,0,0,0,0,0,0,0,0,0,0,0,0,0,0,0,0,0,0,0,0,0,0,0,0,0,0,0,0,0,0,0,0,0,0,0,0,0,0,0,0,0,0,0,0,0,0,0,0,0,0,0,0,0,0,0,0,0,0,0,0,0,0,0,0,0,0,0,0,0,0,0,0,0,0,0,0,0,0,0,0,0
Woodstock CSP,7612,0,0,0,0,0,0,0,0,0,0,0,0,0,0,0,0,0,0,0,0,0,0,0,0,0,0,0,0,0,0,0,0,0,0,0,0,0,0,3,3,4,11444,19,36347,0,0,0,0,0,0,0,0,11,0,12,0,0,0,0,0,0,0,0,0,3,2731,0,0,0,0,2,2690,0,0,16,46404,14,51655,1,164,6,6,3,0,0,0,0,0,0,0,0,0,0,0,0,0,1,0,251,17,13,0,0,0,0,0,0,0,0,0,0,0,0,0,0,0,0,0,0,0,0,0,0,0,0,0,0,0,0,0,0,0,0,0,0,0,0,0,0,0,0,0,0,0,0,0,0,0,0,0,0,0,0,0,0,0,0,0,0,0,0,0,0,0,0,0,0,0,0,0,0,0,0,0,0,0,0,0,0,0,0,0,0
Yale Univ. PD,0,0,0,0,0,0,0,2,1,0,0,1,15,0,0,0,0,0,0,1,250,0,0,1,0,0,0,0,0,0,0,3,2,0,0,0,0,1,1,0,0,4,1500,8,4375,3,1440,7,15903,11,7705,8,3399,6,1,32,6,3,0,0,0,2,2550,2,202,15,5035,1,9,64,18628,116,68365,12,7527,36,18815,114,109776,77,10910,57,445,17,3,0,0,0,3,1,27600,0,0,0,0,0,0,0,0,0,12,2,25717,0,0,0,0,0,0,0,0,0,0,0,0,0,0,0,0,0,0,0,0,0,0,0,0,0,0,0,0,0,0,0,0,0,0,0,0,0,0,0,0,0,0,0,0,0,0,0,0,0,0,0,0,0,0,0,0,0,0,0,0,0,0,0,0,0,0,0,0,0,0,0,0,0,0,0,0,0,0,0,1,1
UCONN-Storrs PD,0,0,0,0,0,0,0,4,0,0,0,0,0,0,0,0,0,0,0,0,0,0,0,0,0,0,0,0,0,0,0,0,0,0,0,0,0,0,0,0,0,4,1880,9,3773,0,0,9,3685,10,17169,0,0,4,1,25,5,3,0,0,0,0,0,59,2394,11,2175,5,350,34,13485,74,43775,0,0,36,8346,86,63458,61,5947,72,1120,35,1,0,0,0,38,26,27920,0,0,0,0,0,0,4,0,22,28,7,33562,0,0,0,0,0,0,0,0,0,0,0,0,0,0,0,0,0,0,0,0,0,0,0,0,0,0,0,0,0,0,0,0,0,0,0,0,0,0,0,0,0,0,0,0,0,0,0,0,0,0,0,0,0,0,0,0,0,0,0,0,0,0,0,0,0,0,0,0,0,0,0,0,0,0,0,0,0,0,0,1,1
Foxwoods Casino CSP,0,0,0,0,0,0,0,0,0,0,0,0,0,0,0,0,0,0,0,0,0,0,0,0,0,0,0,0,0,0,0,0,0,0,0,0,0,1,1,1,0,0,0,0,0,0,0,1,1,1,399,0,0,0,0,2,1,0,0,0,0,0,0,1,3927,4,3090,1,1000,0,0,0,0,1,1,79,147024,52,153730,13,1202,21,110,48,1,0,0,0,0,0,5000,0,0,0,0,0,0,0,0,0,67,60,14288,0,0,0,0,0,0,0,0,0,0,0,0,0,0,0,0,0,0,0,0,0,0,0,0,0,0,0,0,0,0,0,0,0,0,0,0,0,0,0,0,0,0,0,0,0,0,0,0,0,0,0,0,0,0,0,0,0,0,0,0,0,0,0,0,0,0,0,0,0,0,0,0,0,0,0,0,0,0,0,0,0
Mohegan Sun Casino CSP,0,0,0,0,0,0,0,2,2,0,0,0,0,1,1,0,0,0,0,0,0,0,0,0,0,0,0,1,2,0,0,0,0,0,0,0,0,0,0,2,1,0,0,0,0,0,0,0,0,0,0,0,0,0,0,0,0,0,0,0,0,0,0,3,272,0,0,0,0,0,0,0,0,0,0,74,119804,40,119194,7,791,30,91,37,2,1,0,0,0,0,20700,0,0,0,0,0,0,0,0,0,61,52,22448,0,0,0,0,0,0,0,0,0,0,0,0,0,0,0,0,0,0,0,0,0,0,0,0,0,0,0,0,0,0,0,0,0,0,0,0,0,0,0,0,0,0,0,0,0,0,0,0,0,0,0,0,0,0,0,0,0,0,0,0,0,0,0,0,0,0,0,0,0,0,0,0,0,0,0,0,0,0,0,0,0
MTA PD,0,0,0,0,0,0,0,0,0,0,0,0,0,0,0,0,0,0,0,0,0,0,0,3,10,0,0,0,0,1,1,2,1,0,0,0,0,0,0,0,0,0,0,0,0,0,0,0,0,0,0,0,0,0,0,0,0,0,0,0,0,0,0,0,0,5,2525,0,0,13,4819,4,621,0,0,66,73717,75,80306,10,1286,3,90,12,1,0,0,0,0,0,6000,0,0,0,0,0,0,0,0,0,1,0,0,0,0,0,0,0,0,0,0,0,0,0,0,0,0,0,0,0,0,0,0,0,0,0,0,0,0,0,0,0,0,0,0,0,0,0,0,0,0,0,0,0,0,0,0,0,0,0,0,0,0,0,0,0,0,0,0,0,0,0,0,0,0,0,0,0,0,0,0,0,0,0,0,0,0,0,0,0,0,0,0,0
CCSU PD,0,0,0,0,0,0,0,0,0,0,0,0,0,0,0,0,0,0,0,0,0,0,0,0,0,0,0,0,0,0,0,0,0,0,0,0,0,0,0,1,0,0,0,0,0,0,0,11,5536,5,2847,0,0,0,0,16,0,0,0,0,0,0,0,0,0,7,2687,0,0,0,0,6,3931,0,0,19,6508,18,12308,7,670,7,148,1,0,0,0,0,0,0,0,0,0,0,0,0,0,0,0,0,6,1,2900,0,0,0,0,0,0,0,0,0,0,0,0,0,0,0,0,0,0,0,0,0,0,0,0,0,0,0,0,0,0,0,0,0,0,0,0,0,0,0,0,0,0,0,0,0,0,0,0,0,0,0,0,0,0,0,0,0,0,0,0,0,0,0,0,0,0,0,0,0,0,0,0,0,0,0,0,0,0,0,0,0
ECSU PD,0,0,0,0,0,0,0,1,1,0,0,0,0,0,0,0,0,0,0,0,0,0,0,0,0,0,0,0,0,0,0,0,0,0,0,0,0,0,0,1,1,0,0,0,0,0,0,2,970,1,825,0,0,0,0,3,1,0,0,0,0,0,0,1,8,8,1278,0,0,3,750,47,15928,0,0,12,2584,29,17520,24,2785,18,243,2,1,1,0,0,0,0,1200,0,0,0,0,0,0,0,0,0,4,2,3675,0,0,0,0,0,0,0,0,0,0,0,0,0,0,0,0,0,0,0,0,0,0,0,0,0,0,0,0,0,0,0,0,0,0,0,0,0,0,0,0,0,0,0,0,0,0,0,0,0,0,0,0,0,0,0,0,0,0,0,0,0,0,0,0,0,0,0,0,0,0,0,0,0,0,0,0,0,0,0,0,0
UCONN Health Ctr. PD,0,0,0,0,0,0,0,0,0,0,0,0,0,0,0,0,0,0,0,0,0,0,0,0,0,0,0,0,0,0,0,0,0,0,0,0,0,0,0,0,0,0,0,0,0,0,0,0,0,0,0,0,0,0,0,0,0,0,0,0,0,0,0,0,0,0,0,0,0,0,0,1,1458,0,0,2,1100,3,2558,0,0,0,0,0,0,0,0,0,1,1,5000,0,0,0,0,0,0,0,0,0,0,0,2058,0,0,0,0,0,0,0,0,0,0,0,0,0,0,0,0,0,0,0,0,0,0,0,0,0,0,0,0,0,0,0,0,0,0,0,0,0,0,0,0,0,0,0,0,0,0,0,0,0,0,0,0,0,0,0,0,0,0,0,0,0,0,0,0,0,0,0,0,0,0,0,0,0,0,0,0,0,0,0,0,0
WCSU PD,0,0,0,0,0,0,0,2,3,0,0,0,0,0,0,0,0,0,0,0,0,0,0,0,0,0,0,0,0,0,0,0,0,0,0,0,0,0,0,0,0,0,0,0,0,0,0,3,210,4,1360,0,0,1,0,6,1,0,0,0,0,0,0,0,0,4,1597,1,0,0,0,19,7708,0,0,7,846,20,9530,4,549,7,72,0,0,0,0,0,0,0,0,0,0,0,0,0,0,1,0,1,40,6,100,0,0,0,0,0,0,0,0,0,0,0,0,0,0,0,0,0,0,0,0,0,0,0,0,0,0,0,0,0,0,0,0,0,0,0,0,0,0,0,0,0,0,0,0,0,0,0,0,0,0,0,0,0,0,0,0,0,0,0,0,0,0,0,0,0,0,0,0,0,0,0,0,0,0,0,0,0,0,0,0,0
SCSU PD,0,0,0,0,0,0,0,0,0,0,0,1,1,0,0,0,0,0,0,0,0,0,0,0,0,0,0,0,0,0,0,1,0,0,0,0,0,0,0,1,1,1,450,0,0,0,0,1,150,0,0,1,3800,1,0,2,0,0,0,0,0,1,50,1,540,10,1674,0,0,5,809,39,26887,0,0,11,5558,32,34058,13,1217,22,243,2,0,0,0,0,0,0,0,0,0,0,0,0,0,0,0,0,14,5,1439,0,0,0,0,0,0,0,0,0,0,0,0,0,0,0,0,0,0,0,0,0,0,0,0,0,0,0,0,0,0,0,0,0,0,0,0,0,0,0,0,0,0,0,0,0,0,0,0,0,0,0,0,0,0,0,0,0,0,0,0,0,0,0,0,0,0,0,0,0,0,0,0,0,0,0,0,0,0,0,0,0
Capitol Police PD,0,0,0,0,0,0,0,0,0,0,0,0,0,0,0,0,0,0,0,0,0,0,0,0,0,0,0,0,0,0,0,0,0,0,0,0,0,0,0,0,0,0,0,0,0,0,0,0,0,0,0,0,0,0,0,0,0,0,0,0,0,0,0,0,0,2,670,0,0,1,15,0,0,0,0,4,8220,3,8670,1,195,3,40,1,0,0,0,0,0,0,0,0,0,0,0,0,0,0,0,0,0,0,8025,0,0,0,0,0,0,0,0,0,0,0,0,0,0,0,0,0,0,0,0,0,0,0,0,0,0,0,0,0,0,0,0,0,0,0,0,0,0,0,0,0,0,0,0,0,0,0,0,0,0,0,0,0,0,0,0,0,0,0,0,0,0,0,0,0,0,0,0,0,0,0,0,0,0,0,0,0,0,0,0,0
Groton Town PD,31681,0,0,0,0,0,0,8,1,0,0,1,0,1,486,0,0,1,81,2,580,0,0,2,6968,2,1,1,0,1,1,3,2,0,0,3,3,7,8,22,20,14,16510,40,34969,0,0,6,2445,12,1843,0,0,29,6,36,6,7,1,0,0,0,0,161,32342,60,27990,26,22031,13,2645,79,178263,0,0,180,485831,244,731888,141,14526,134,2688,138,17,6,1,0,5,0,132783,1,0,1000,0,0,0,5,2,8,322,222,159374,0,0,0,0,0,0,0,0,0,0,0,0,0,0,0,0,0,0,0,0,0,0,0,0,0,0,0,0,0,0,0,0,0,0,0,0,0,0,0,0,0,0,0,0,0,0,0,0,0,0,0,0,0,0,0,0,0,0,0,0,0,0,0,0,0,0,0,0,0,0,0,0,0,0,0,0,0,0,0,1,0
Groton Long Pt. PD,633,0,0,0,0,0,0,0,0,0,0,0,0,0,0,0,0,0,0,0,0,0,0,0,0,0,0,0,0,0,0,0,0,0,0,0,0,0,0,0,0,0,0,0,0,1,3000,1,0,0,0,1,7700,0,0,3,0,0,0,0,0,0,0,0,0,1,350,0,0,3,350,2,6485,0,0,3,145,3,6835,5,455,1,40,0,0,0,0,0,2,0,1300,0,0,0,0,0,0,0,0,0,0,0,7575,0,0,0,0,0,0,0,0,0,0,0,0,0,0,0,0,0,0,0,0,0,0,0,0,0,0,0,0,0,0,0,0,0,0,0,0,0,0,0,0,0,0,0,0,0,0,0,0,0,0,0,0,0,0,0,0,0,0,0,0,0,0,0,0,0,0,0,0,0,0,0,0,0,0,0,0,0,0,0,0,0
CTSPOther,3067466,27,27,0,0,0,0,2,0,0,0,2,1,0,0,0,0,0,0,0,0,0,0,2,214,2,0,1,1,0,0,1,1,6,3,4,5,20,17,22,15,2,1537,3,3,0,0,1,3854,10,7275,0,0,9,0,7,2,0,0,0,0,0,0,5,1191,41,36139,29,5919,0,0,15,7465,0,0,113,395187,105,441543,39,3851,59,507,41,70,34,0,0,4,0,702519,23,0,1598009,9,0,40502,3,0,6501,513,377,243497,0,0,27,0,0,0,0,0,0,0,0,0,0,0,0,0,0,0,0,0,0,0,0,0,1,0,0,0,0,0,0,0,0,0,0,0,0,0,0,0,0,0,0,0,0,0,0,0,0,0,0,0,0,0,0,0,0,0,0,0,0,0,0,0,18,8,0,0,0,0,0,0,0,0,0,26,1,0,0,111,105
Fairfield,930450,34,24,2,0,2,582,469,74,15,6,629,328847,121,147550,13,11972,23,12848,99,307496,14,39295,48,20280,325,64,82,20,78,27,462,105,189,66,300,197,483,289,304,189,663,1788538,1234,3569243,568,1753727,347,684036,270,512628,141,419523,1664,210,1192,175,367,39,47,62289,33,10670,2203,991681,2708,1555211,1383,511525,294,87277,2063,4262702,12,6710,2855,24804142,5230,31937238,2670,299059,3698,55910,2323,1244,97,107,6,163,20,7883272,18,8,1378508,32,1,276279,13,6,4538,6527,3993,4812587,5,20,0,1,0,3,3,0,1,0,0,0,0,0,1,0,2,0,0,0,0,0,0,0,2,1,0,0,0,0,0,0,0,0,0,0,0,0,0,0,0,0,0,0,0,7,0,0,0,0,0,0,0,0,0,0,0,0,0,0,0,0,0,0,0,2,1,19,5,0,1,1,2,0,0,3,10,12,0,180,169
Hartford,903692,35,24,52,0,0,1200,124,58,5,2,635,77521,230,117886,15,8307,49,27521,96,146073,25,55530,102,32929,366,89,121,41,94,41,571,211,213,70,363,259,564,360,293,251,968,1130237,1869,3408175,426,696322,537,730687,413,621923,110,187598,2499,326,1403,258,421,46,135,16002,46,6549,3755,911432,4058,1947634,1825,713312,404,90637,2676,2213670,33,23456,3440,4475390,7040,9956087,4045,370425,5287,71570,3852,1756,170,32,2,237,23,5381392,51,9,1155479,50,1,192268,39,5,5852,8185,5304,4978059,0,25,0,0,0,4,2,1,2,0,0,0,0,0,0,1,0,0,0,0,0,0,0,0,1,0,0,0,0,0,0,0,0,0,0,0,0,0,0,0,0,0,0,0,0,6,3,1,0,0,0,0,0,0,0,0,0,0,0,0,0,1,0,0,0,3,1,19,9,0,4,0,1,1,0,3,7,10,0,239,229
Litchfield,192076,3,2,11750,0,0,0,39,12,3,1,4,907,5,1416,2,1162,4,334,3,2275,2,7602,4,676,8,4,2,2,4,2,10,7,2,1,7,5,48,42,31,28,95,1907298,143,1640348,137,297264,44,21907,40,95434,62,79375,229,58,225,64,67,7,0,0,2,398,254,43510,640,370358,99,211566,40,14209,462,730636,1,150,792,1307424,1159,2614768,538,56489,593,6994,486,99,20,9,0,25,1,1003035,3,2,12201,2,1,5410,2,1,11,1421,1159,684863,0,1,0,0,0,2,0,0,0,0,0,0,0,0,0,0,0,0,0,0,0,0,0,0,0,0,0,0,0,0,0,0,0,0,0,0,0,0,0,0,0,0,0,0,0,0,0,0,0,0,0,0,0,0,0,0,0,0,1,1,0,0,0,0,0,0,0,1,2,0,0,0,0,0,0,0,0,1,0,20,17
Middlesex,163485,29,27,0,0,0,0,20,9,2,0,7,2166,7,1296,5,3857,8,2023,6,5336,3,69575,9,1734,19,6,7,3,6,1,13,6,11,6,21,19,39,30,65,48,113,276644,204,525727,15,49968,56,99568,82,135460,6,5443,238,31,212,51,26,2,10,2140,11,1172,251,62871,402,170665,82,87267,43,16976,324,314045,5,1205,770,1394635,922,2003322,397,41916,579,5738,397,172,49,1,1,27,0,1333217,26,0,1698011,10,0,175502,6,3,6602,1719,1277,608235,0,0,27,0,0,0,0,0,0,0,0,0,0,0,2,0,0,0,0,0,0,0,0,0,1,0,0,0,0,0,0,0,0,0,0,0,0,0,0,0,0,0,0,0,0,0,1,0,0,0,0,0,0,0,0,0,0,0,0,0,0,0,0,0,18,8,1,0,0,0,0,0,0,1,0,26,1,1,0,34,29
New Haven,868716,33,32,760,0,1,570,132,32,8,5,857,473608,143,58347,45,21535,90,80081,98,56856,24,192003,98,68600,510,99,120,41,87,24,638,187,272,116,361,242,641,428,576,325,1000,2136101,1734,3285531,507,1013071,422,792567,499,1343393,133,284142,2748,375,1093,169,454,54,57,11475,36,10316,3960,770876,3936,2223526,1594,677967,616,201291,3667,4322788,141,52799,4365,5442765,8114,13102905,5176,538154,5082,72744,3817,1821,153,35,0,271,21,11203699,31,10,538131,11,1,17303,16,8,7141,9078,6190,9014641,15,13,0,0,0,5,0,0,0,0,0,0,0,0,0,0,1,0,0,0,0,0,0,0,0,0,0,0,0,1,0,0,0,0,0,0,0,0,0,0,0,0,0,0,0,6,1,2,0,0,0,0,0,0,0,0,0,0,0,3,0,0,0,1,0,2,1,15,8,0,1,0,0,1,0,4,7,12,0,218,181
New London,273153,7,8,0,0,0,0,58,16,1,1,34,4503,18,12667,3,150,13,1630,19,3612,3,3545,24,13144,21,7,21,7,16,9,56,40,22,15,95,69,207,167,166,135,226,803589,501,1077042,69,6277,80,70851,164,150880,16,8952,466,115,542,117,48,6,10,6817,2,350,910,311099,523,284452,228,139685,76,28029,508,873878,10,2022,1253,2460003,1744,4005076,846,89381,930,11878,1115,182,39,9,0,45,3,1400103,23,8,1030132,1,1,50,24,9,18559,3067,2441,1411525,2,1,0,0,0,2,2,0,0,0,0,0,0,0,0,0,0,0,0,0,0,0,0,0,0,0,0,0,0,1,0,0,0,0,0,0,0,0,0,0,0,0,0,0,0,0,0,0,0,0,0,0,0,0,0,0,0,0,0,0,0,0,1,1,1,0,0,3,3,0,0,0,0,0,0,0,1,3,0,185,167
Tolland,143759,1,1,0,0,0,0,23,6,2,0,2,865,10,5687,0,0,2,232,2,12,1,6990,4,159,7,3,3,0,1,1,10,6,0,0,14,12,19,14,33,22,85,173021,159,296579,39,50789,28,18519,49,145419,10,4145,169,57,180,49,21,4,0,0,1,255,218,30534,198,142817,36,59049,49,18403,153,162905,2,830,371,398110,499,779122,289,29904,240,3877,343,42,14,6,0,53,29,419703,1,0,1,1,0,5000,5,0,32,723,423,325336,0,0,0,0,0,0,0,0,0,0,0,0,0,0,1,0,0,0,0,0,0,0,0,0,0,0,0,0,0,0,0,0,0,0,0,0,0,0,0,0,0,0,0,0,0,0,0,0,0,0,0,0,0,0,0,0,0,0,0,0,0,0,0,1,0,0,0,0,0,0,0,0,0,0,0,0,1,0,0,7,6
Windham,115002,1,0,0,0,0,0,22,5,0,0,9,1736,4,1052,3,251,5,3331,7,2392,0,0,5,3502,8,3,3,4,5,1,17,8,2,2,13,10,20,17,36,25,102,267027,266,623000,11,12942,26,51074,67,139212,2,750,282,30,183,43,9,1,2,200,1,200,118,12851,199,73143,37,119136,22,5725,176,201786,2,351,386,446907,483,833921,202,23147,258,3231,257,85,14,9,1,11,4,538709,2,0,35000,6,0,11002,4,2,253,957,739,430254,0,0,0,0,0,1,0,0,0,0,0,0,0,0,0,0,0,0,0,0,0,0,0,0,0,0,0,0,0,0,0,0,0,0,0,0,0,0,0,0,0,0,0,0,0,0,0,0,0,0,0,0,0,0,0,0,0,0,0,0,0,0,0,0,0,0,0,1,0,0,0,0,0,0,0,0,0,1,0,19,11
New York,0,0,0,0,0,0,0,0,0,0,0,0,0,0,0,0,0,0,0,0,0,0,0,0,0,0,0,0,0,0,0,0,0,0,0,0,0,0,0,0,0,0,0,0,0,0,0,0,0,0,0,0,0,0,0,0,0,0,0,0,0,0,0,0,0,0,0,0,0,0,0,0,0,0,0,0,0,0,0,0,0,0,0,0,0,0,0,0,0,0,0,0,0,0,0,0,0,0,0,0,0,0,0,0,0,0,0,0,0,0,0,0,0,0,0,0,0,0,0,0,0,0,0,0,0,0,0,0,0,0,0,0,0,0,0,0,0,0,0,0,0,0,0,0,0,0,0,0,0,0,0,0,0,0,0,0,0,0,0,0,0,0,0,0,0,0,0,0,0,0,0,0,0,0,0,0,0,0,0,0,0,0,0,0
Urban,642135,72,56,612,0,1,570,490,81,15,6,1759,725689,267,132443,27,13069,67,72133,194,130605,25,71766,81,43634,904,161,202,61,168,45,1146,303,566,206,753,496,1239,771,414,283,1214,1776259,2100,2913053,599,1151294,591,656869,241,392268,98,203605,3324,372,1028,114,491,61,189,25784,76,14802,2978,427261,3778,1424356,2402,591466,480,122946,3523,2490483,18,4669,2381,2365466,6493,7001568,4359,393591,4973,72074,2764,2732,203,92,4,250,30,10892787,52,12,1526653,65,2,317460,27,9,6805,12021,7356,8666676,18,39,0,1,0,9,4,0,1,0,0,0,0,0,0,0,0,0,0,0,0,0,0,0,2,0,0,0,0,1,0,0,0,0,0,0,0,0,0,0,0,0,0,0,0,14,0,0,0,0,0,0,0,0,0,0,0,0,0,3,0,0,0,0,0,3,3,46,14,0,5,1,2,0,0,7,15,28,0,366,352
NonUrban,2948198,71,62,11952,0,2,1782,397,131,21,9,418,164464,271,213458,59,34165,127,55867,136,393447,47,302774,213,97390,360,114,157,57,123,61,631,267,145,70,421,317,782,576,1090,740,2038,6706196,4010,11512592,1173,2729066,949,1812340,1343,2752081,382,786323,4971,830,4002,812,922,98,72,73139,56,15108,8691,2707593,8886,5343450,2882,1928041,1064,339601,6506,10591927,188,82854,11851,38363910,18698,58230871,9804,1054884,11694,159868,9826,2669,353,116,6,582,71,18270343,103,25,4320810,48,3,365354,82,25,36183,19656,14170,13598824,4,21,27,0,0,8,3,1,2,0,0,0,0,0,4,1,3,0,0,0,0,0,0,0,2,1,0,0,0,1,0,0,0,0,0,0,0,0,0,0,0,0,0,0,0,5,5,3,0,0,0,0,0,0,0,0,0,0,1,1,0,1,1,3,19,12,1,12,13,0,1,0,1,3,0,29,12,12,0,536,457
CSP Total,522867,34,31,100,0,0,0,52,20,1,0,8,907,18,15897,3,1999,8,1895,12,5430,4,71710,11,4134,23,12,13,7,7,4,21,12,14,8,28,23,71,54,97,66,305,3015848,710,3474635,0,0,90,287171,212,501834,0,0,655,160,623,166,39,5,0,0,0,0,296,76654,522,448520,140,234124,21,11040,236,758681,5,292,1820,3839773,1879,5303630,554,59256,607,6198,928,249,78,20,0,45,3,2007455,34,4,1733033,11,0,175503,14,4,11828,3392,2484,1558175,2,1,27,0,0,2,0,1,0,0,0,0,0,0,1,0,1,0,0,0,0,0,0,0,1,0,0,0,0,1,0,0,0,0,0,0,0,0,0,0,0,0,0,0,0,0,0,0,0,0,0,0,0,0,0,0,0,0,0,0,0,0,0,1,18,8,0,4,2,0,0,0,0,0,0,26,3,3,0,111,105
NIBRS,6657799,80,76,12414,0,2,1830,376,124,17,5,949,503776,285,175560,42,24102,117,43769,160,422498,45,325885,136,90034,577,131,153,61,156,56,848,283,327,139,545,403,1105,795,842,563,2010,6875541,3698,11416484,655,2039340,801,1358010,1141,1975986,265,621564,4566,772,3232,654,772,88,105,90282,47,9817,6933,2289287,7662,4668519,2641,1684209,942,316674,6393,10137078,71,14796,9633,36480716,16385,54716319,8117,857633,9925,117426,7843,2545,318,83,2,435,62,16331037,79,24,3415933,44,3,380358,81,30,28678,21618,14981,13064240,19,13,27,1,0,10,2,1,3,0,0,0,0,0,4,0,3,0,0,0,0,0,0,0,4,1,0,0,0,2,0,0,0,0,0,0,0,0,0,0,0,0,0,0,0,8,3,1,0,0,0,0,0,0,0,0,0,0,1,3,0,1,1,3,18,10,2,19,16,0,0,1,1,2,0,30,8,22,0,0,0
Summary,0,63,42,150,0,1,522,511,88,19,10,1228,386377,253,170341,44,23132,77,84231,170,101554,27,48655,158,50990,687,144,206,57,135,50,929,287,384,137,629,410,916,552,662,460,1242,1606914,2412,3009161,1117,1841020,739,1111199,443,1168363,215,368364,3729,430,1798,272,641,71,156,8641,85,20093,4736,845567,5002,2099287,2643,835298,602,145873,3636,2945332,135,72727,4599,4248660,8806,10516120,6046,590842,6742,114516,4747,2856,238,125,8,397,39,12832093,76,13,2431530,69,2,302456,28,4,14310,10059,6545,9201260,3,47,0,0,0,7,5,0,0,0,0,0,0,0,0,1,0,0,0,0,0,0,0,0,0,0,0,0,0,0,0,0,0,0,0,0,0,0,0,0,0,0,0,0,0,11,2,2,0,0,0,0,0,0,0,0,0,0,0,1,0,0,0,0,1,5,2,39,11,0,6,0,2,1,0,6,19,18,0,902,809
